vin,make,model,year,age,price,mileage,city,state,region,population,lat,lng
3GTU2WEC0FG228103,GMC,Sierra,2015,5,44290,35931,Ozark,AL,South,11678,31.4508,-85.6473
1FMCU9EG1CKC27388,Ford,Escape4WD,2012,8,13777,80766,Harrisburg,PA,Northeast,441580,40.2752,-76.8843
1FADP3L96EL202586,Ford,FocusHatchback,2014,6,15990,40261,Smyrna,GA,South,56685,33.8633,-84.5168
1C4RJEBG8EC558440,Jeep,Grand,2014,6,23597,53194,Sumter,SC,South,72131,33.9392,-80.393
1D7HA16D54J227741,Dodge,Ram,2004,16,7500,177879,Arlington,TX,South,396394,32.6998,-97.1251
2HGFB2F57DH300513,Honda,Civic,2013,7,11990,78076,Princeton,WV,South,5822,37.3688,-81.0961
1FADP3K29DL182109,Ford,FocusHatchback,2013,7,10786,44243,Waukesha,WI,Midwest,72489,43.0087,-88.2464
3GCUKREC4EG382653,Chevrolet,Silverado,2014,6,28588,47289,Olympia,WA,West,196078,47.0417,-122.8959
1HGCR2E58FA011237,Honda,Accord,2015,5,15997,40040,Freehold,NJ,Northeast,11894,40.2596,-74.2755
1FTEX1CM9EFC98185,Ford,F-1502WD,2014,6,21995,16916,Arlington,TX,South,396394,32.6998,-97.1251
1C4BJWDG8HL522370,Jeep,Wrangler,2017,3,31900,11352,Peoria,AZ,West,168181,33.7844,-112.299
WBA3C3G52FNT53260,BMW,3,2015,5,23591,33683,Cockeysville,MD,South,20789,39.4793,-76.63
2GKALTEK0E6134002,GMC,TerrainFWD,2014,6,19392,59904,Sedalia,MO,Midwest,26399,38.7042,-93.2351
2C4RDGCG9HR573963,Dodge,Grand,2017,3,22995,28428,McKinney,TX,South,235134,33.2016,-96.6669
2C4RC1CG0DR614815,Chrysler,Town,2013,7,16735,57655,Chantilly,VA,South,24802,38.8868,-77.4453
1FT7W2BT0FEB51996,Ford,Super,2015,5,49901,55028,Pauls Valley,OK,South,5817,34.7236,-97.2291
1HGCR2F86EA293644,Honda,Accord,2014,6,18500,29740,Frisco,TX,South,177286,33.1554,-96.8217
WBSVA93508E215285,BMW,3,2008,12,28995,43200,Chicago,IL,Midwest,8675982,41.8373,-87.6862
1N4AL3APXFC287045,Nissan,Altima2.5,2015,5,13950,35749,Manassas,VA,South,41501,38.7479,-77.4838
4S4BSBDC0G3211030,Subaru,Outback2.5i,2016,4,23994,20005,Oak Lawn,IL,Midwest,56087,41.7139,-87.7528
5XXGT4L33HG132473,Kia,OptimaLX,2017,3,17497,8651,Conyers,GA,South,16015,33.6645,-83.9967
2T2BK1BA2FC297846,Lexus,RX,2015,5,36887,15414,Oregon City,OR,West,36360,45.3414,-122.5927
2GKALUEK4F6159525,GMC,TerrainFWD,2015,5,25375,25142,Elmhurst,IL,Midwest,46662,41.8973,-87.9432
3GTP2VE31BG273553,GMC,Sierra,2011,9,23500,62829,Brookfield,WI,Midwest,38045,43.064,-88.1231
1GC1KWE82FF640491,Chevrolet,Silverado,2015,5,57991,37866,Manvel,TX,South,10115,29.4793,-95.3658
2HGFB2F65FH540378,Honda,Civic,2015,5,13797,44600,Phoenix,AZ,West,4081849,33.5722,-112.0891
1C4RJFAG4FC638066,Jeep,Grand,2015,5,33444,38352,Carson City,NV,West,57525,39.1511,-119.7474
1FADP3E29DL142897,Ford,FocusSedan,2013,7,6995,59943,Countryside,IL,Midwest,5964,41.7741,-87.8752
2GNALCEK9H6239323,Chevrolet,EquinoxFWD,2017,3,22500,18573,Safford,AZ,West,19302,32.8318,-109.7006
2FMTK3J90FBB11494,Ford,EdgeSEL,2015,5,24894,19515,Leesburg,GA,South,3765,31.7325,-84.1687
1N4AL3AP6FN897738,Nissan,Altima2.5,2015,5,11750,36923,San Diego,CA,West,3210314,32.8312,-117.1225
JTHBF30G330098403,Lexus,ES,2003,17,7499,73465,Stone Mountain,GA,South,6368,33.8034,-84.1724
1G1FB1RS2G0147910,Chevrolet,CamaroCoupe,2016,4,24899,25813,National City,CA,West,61363,32.6654,-117.0983
3GTEK13M99G125849,GMC,Sierra,2009,11,19975,107197,Lexington,KY,South,315939,38.0423,-84.4587
1GTEC14X58Z314809,GMC,Sierra,2008,12,13494,27549,Matteson,IL,Midwest,19418,41.5095,-87.7468
1HGCR2F53EA066384,Honda,Accord,2014,6,13495,94480,Duluth,GA,South,29463,34.0053,-84.1491
1FT7X3B67BEA15680,Ford,Super,2011,9,9990,189184,Grand Prairie,TX,South,193837,32.687,-97.0209
2C4RDGCG1GR344434,Dodge,Grand,2016,4,19497,35891,Macon,GA,South,152663,32.8065,-83.6974
WBA3C3G5XENS69055,BMW,3,2014,6,19990,19191,Freeport,NY,Northeast,43508,40.6515,-73.585
1N4AL3APXFC130678,Nissan,Altima2.5,2015,5,12594,31161,Coral Springs,FL,South,133037,26.2702,-80.2591
1VWAT7A31GC047315,Volkswagen,Passat4dr,2016,4,15935,30937,San Mateo,CA,West,104748,37.5522,-122.3122
WBAPH77569NL84252,BMW,3,2009,11,10990,80627,Dallas,TX,South,5733259,32.7936,-96.7662
5TFHW5F10CX240224,Toyota,Tundra,2012,8,25995,116015,Teterboro,NJ,Northeast,69,40.8579,-74.0594
WBA3C1C58EK115536,BMW,3,2014,6,29000,29819,Palm Springs,CA,West,48142,33.8017,-116.5382
19XFB2F56FE099734,Honda,Civic,2015,5,11888,28245,Derby,CT,Northeast,12581,41.3265,-73.0833
JTJBK1BA7F2467747,Lexus,RX,2015,5,35523,30190,White Plains,NY,Northeast,59047,41.022,-73.7549
3D7KS29D76G235266,Dodge,Ram,2006,14,19875,144083,Milwaukie,OR,West,20801,45.4447,-122.6221
1G1ZE5ST2HF152666,Chevrolet,MalibuLT,2017,3,18533,17231,Waldorf,MD,South,73223,38.6085,-76.9195
1FTEW1CP6FKD35991,Ford,F-1502WD,2015,5,28871,43036,Albuquerque,NM,West,758523,35.1053,-106.6464
1FADP3K26GL310875,Ford,FocusHatchback,2016,4,12888,19964,Dothan,AL,South,71620,31.2335,-85.4068
WBA5B1C5XED481577,BMW,5,2014,6,30995,24985,Marietta,GA,South,61048,33.9532,-84.5422
4T1BF1FK8GU161300,Toyota,CamrySE,2016,4,15803,41703,Warner Robins,GA,South,149617,32.5975,-83.6526
2C4RDGBG9GR191903,Dodge,Grand,2016,4,18988,22621,Friendswood,TX,South,39839,29.5112,-95.1979
1HGCM72603A017554,Honda,Accord,2003,17,7995,77169,Honolulu,HI,West,833671,21.3294,-157.846
1GTV2VEC4FZ175484,GMC,Sierra,2015,5,33644,29228,Strongsville,OH,Midwest,44744,41.3128,-81.8313
1N4AL3APXFC143298,Nissan,Altima2.5,2015,5,13981,42375,Moreno Valley,CA,West,207226,33.9244,-117.2045
WMWZF3C52DT490019,MINI,Cooper,2013,7,12999,47738,Hickory,NC,South,215353,35.7426,-81.323
1FTEW1EF3FFA29506,Ford,F-1504WD,2015,5,40879,35782,Blair,NE,Midwest,7943,41.5417,-96.1361
3GTRCVE35AG112336,GMC,Sierra,2010,10,23194,63239,Tracy,CA,West,95982,37.726,-121.444
1FTEX1E66AFD02668,Ford,F-1504WD,2010,10,34500,59631,Louisville,KY,South,1011696,38.1663,-85.6485
2FTRX18L02CA87630,Ford,F-1504WD,2002,18,6995,94249,Bel Air,MD,South,10037,39.5348,-76.346
19XFB2F59EE263332,Honda,Civic,2014,6,14991,23056,Napa,CA,West,87032,38.2976,-122.3011
3FA6P0HD8GR360517,Ford,FusionSE,2016,4,16943,16222,Cape Girardeau,MO,Midwest,54588,37.3108,-89.5596
2T1BURHE1GC726905,Toyota,CorollaLE,2016,4,15588,3783,Gaithersburg,MD,South,68710,39.1346,-77.2132
1FTPW14V57FB18500,Ford,F-1504WD,2007,13,16479,63192,Tampa,FL,South,2804240,27.9942,-82.4451
1D7HA18287J641323,Dodge,Ram,2007,13,9998,161625,Raleigh,NC,South,1018336,35.8324,-78.6438
1GC1KXCGXCF184011,Chevrolet,Silverado,2012,8,35250,60731,Federal Way,WA,West,96690,47.309,-122.3359
1FTFW1ET0EFA95147,Ford,F-1504WD,2014,6,23500,102056,Lebanon,TN,South,34027,36.2039,-86.3475
1FTFW1CT7EKD14177,Ford,F-1502WD,2014,6,31400,62003,Houston,TX,South,5446468,29.7869,-95.3905
2C4RDGBG0DR504851,Dodge,Grand,2013,7,10692,91450,Tracy,CA,West,95982,37.726,-121.444
1N4AL3AP8HC112599,Nissan,Altima2.5,2017,3,14888,33614,Katy,TX,South,18282,29.7905,-95.8353
WMWXM5C56ET933542,MINI,Cooper,2014,6,15377,29681,North Riverside,IL,Midwest,6564,41.8461,-87.8263
3D6WG36AX8G143174,Dodge,Ram,2008,12,20385,71791,Kernersville,NC,South,24386,36.1065,-80.0847
1N4AL3AP4EC318773,Nissan,Altima2.5,2014,6,18900,18323,Salina,KS,Midwest,46782,38.8137,-97.6143
1FMCU0F74GUA60190,Ford,EscapeFWD,2016,4,17900,13585,Decatur,AL,South,68816,34.573,-86.9905
1N4AL3AP0FC236816,Nissan,Altima2.5,2015,5,12991,65406,Denver,CO,West,2787266,39.7621,-104.8759
1J4GX48S54C209689,Jeep,Grand,2004,16,4908,154277,Winter Haven,FL,South,245237,28.0118,-81.7017
3FA6P0H71FR124932,Ford,FusionSE,2015,5,16406,17572,Vandalia,OH,Midwest,15053,39.8791,-84.193
3GTU2VEC7EG494730,GMC,Sierra,2014,6,34995,36557,Lafayette,IN,Midwest,159293,40.399,-86.8593
1C4HJWEG1EL272829,Jeep,Wrangler,2014,6,32478,29655,Harrisburg,PA,Northeast,441580,40.2752,-76.8843
2T2HA31U84C014688,Lexus,RX,2004,16,8995,151247,Oxford,PA,Northeast,5574,39.7859,-75.9801
3FA6P0HDXER259136,Ford,FusionSE,2014,6,11525,93707,Lafayette,IN,Midwest,159293,40.399,-86.8593
1C4BJWEG5DL679301,Jeep,Wrangler,2013,7,29987,59690,Denver,CO,West,2787266,39.7621,-104.8759
1FMCU9DG8CKC38406,Ford,Escape4WD,2012,8,11898,83248,Saukville,WI,Midwest,4419,43.3847,-87.9439
1FTFX1ET3EFA83331,Ford,F-1504WD,2014,6,26395,11942,Fishers,IN,Midwest,91832,39.9589,-85.9665
2C4RC1BG4CR273600,Chrysler,Town,2012,8,11900,114941,Orwell,OH,Midwest,1598,41.5364,-80.8597
3VWDP7AJ2DM361159,Volkswagen,Jetta,2013,7,9995,44794,Baltimore,MD,South,2170504,39.3051,-76.6144
WMWZC3C58DWM28485,MINI,Cooper,2013,7,13681,43679,Miami Gardens,FL,South,113750,25.9433,-80.2426
1C4RJEBG1HC826524,Jeep,Grand,2017,3,33892,17,Bonham,TX,South,10059,33.588,-96.1901
1FTRF12W89KB84750,Ford,F-1502WD,2009,11,15295,80679,Pittsburgh,PA,Northeast,1715297,40.4396,-79.9763
1FT8W3DT5GEC01316,Ford,Super,2016,4,49899,40649,Matteson,IL,Midwest,19418,41.5095,-87.7468
1GCVKREC6FZ210579,Chevrolet,Silverado,2015,5,36995,44943,Alcoa,TN,South,10228,35.8073,-83.9752
3VWD17AJ5EM439582,Volkswagen,Jetta,2014,6,12495,26963,West Islip,NY,Northeast,27117,40.7097,-73.2971
1FADP3F23FL207700,Ford,FocusSedan,2015,5,11263,44510,Show Low,AZ,West,10837,34.2671,-110.0384
1D7RB1CT4AS141503,Dodge,Ram,2010,10,12995,96314,Orlando,FL,South,1776841,28.4772,-81.3369
5NPE24AF0GH384286,Hyundai,Sonata2.4L,2016,4,15295,47053,Farmington,NM,West,52555,36.7555,-108.1823
1D7HU18N36S637335,Dodge,Ram,2006,14,11407,118904,Fargo,ND,Midwest,204820,46.8653,-96.8292
3GCPKSE75DG147121,Chevrolet,Silverado,2013,7,28995,55071,Tyler,TX,South,141116,32.3184,-95.3065
2C4RDGBG2CR307291,Dodge,Grand,2012,8,8288,109506,Pensacola,FL,South,344400,30.4427,-87.1886
1FADP3E29EL265827,Ford,FocusSedan,2014,6,9000,35745,Charlotte,NC,South,1467362,35.2079,-80.8304
1FADP3J20EL250946,Ford,FocusSedan,2014,6,11750,28577,Jersey City,NJ,Northeast,270753,40.7161,-74.0683
2G1FT1EWXC9163116,Chevrolet,CamaroCoupe,2012,8,26231,20101,North Bend,WA,West,6821,47.4898,-121.7738
3VWDP7AJ6DM290998,Volkswagen,Jetta,2013,7,8488,83986,San Antonio,TX,South,2002530,29.4658,-98.5254
3GCUKSEC0GG153123,Chevrolet,Silverado,2016,4,46988,18619,Fort Worth,TX,South,874168,32.7812,-97.3472
3GCRKSE3XAG207508,Chevrolet,Silverado,2010,10,22995,81602,Merced,CA,West,144117,37.3057,-120.4779
1FTNW21F42ED35111,Ford,Super,2002,18,13990,192557,Laramie,WY,West,33508,41.3099,-105.6085
5J6TF1H58BL003399,Honda,Accord,2011,9,16693,49343,Vero Beach,FL,South,16919,27.6463,-80.393
1FTFW1ET1EFA26435,Ford,F-1504WD,2014,6,35123,35733,Atlanta,GA,South,5228750,33.7627,-84.4225
WBAKP9C58ED692604,BMW,5,2014,6,32240,47278,Newnan,GA,South,38909,33.3765,-84.776
1J8GR48K77C607810,Jeep,Grand,2007,13,10995,86884,Tigard,OR,West,53148,45.4237,-122.7845
JTHBK1GG1F2157477,Lexus,ES,2015,5,32988,21439,Fort Wayne,IN,Midwest,328564,41.0885,-85.1436
2GNALBEK8F6400526,Chevrolet,EquinoxFWD,2015,5,16669,42202,Pataskala,OH,Midwest,15566,40.011,-82.7155
1HGCR2F33EA300439,Honda,Accord,2014,6,13995,48276,Marietta,GA,South,61048,33.9532,-84.5422
1HGCM55445A066578,Honda,Accord,2005,15,7995,134919,Hickory,NC,South,215353,35.7426,-81.323
3FA6P0HD9ER397430,Ford,FusionSE,2014,6,13999,43926,Manchester,NH,Northeast,160742,42.9848,-71.4447
19XFB2F59FE013073,Honda,Civic,2015,5,12495,10512,Doral,FL,South,61130,25.8151,-80.3565
WBAKE3C54DE771540,BMW,3,2013,7,19697,20349,Gastonia,NC,South,180974,35.2494,-81.1853
1N4AL3AP8HC123893,Nissan,Altima2.5,2017,3,16488,13246,Miami,FL,South,6381966,25.7839,-80.2102
1FM5K7D8XFGB12423,Ford,ExplorerXLT,2015,5,28788,26310,Pahrump,NV,West,35812,36.2411,-116.0176
5J6RM4H79DL082782,Honda,CR-VEX-L,2013,7,18400,62020,Gastonia,NC,South,180974,35.2494,-81.1853
KM8SMDHFXHU175949,Hyundai,Santa,2017,3,22434,33464,Anaheim,CA,West,352497,33.839,-117.8573
3GTP2VE7XDG159976,GMC,Sierra,2013,7,28595,70227,Henderson,NC,South,20158,36.3259,-78.4155
1FT8W3BT4GED27055,Ford,Super,2016,4,42991,37332,Katy,TX,South,18282,29.7905,-95.8353
1FTPW12VX9FA57635,Ford,F-1502WD,2009,11,13922,131146,Hoover,AL,South,84920,33.3754,-86.8065
3GTP2VE72DG106382,GMC,Sierra,2013,7,29991,43432,Katy,TX,South,18282,29.7905,-95.8353
2GNALCEK2H6230852,Chevrolet,EquinoxFWD,2017,3,20999,14559,Morrow,GA,South,7473,33.5816,-84.3392
1FTEW1EF9FFB04077,Ford,F-1504WD,2015,5,35554,57311,Watchung,NJ,Northeast,5985,40.6432,-74.4391
1G1BF5SM0H7143417,Chevrolet,CruzeSedan,2017,3,17000,15058,Waldorf,MD,South,73223,38.6085,-76.9195
1GTN1LEC8GZ901761,GMC,Sierra,2016,4,21855,17763,San Jose,CA,West,1821899,37.3021,-121.8489
1HGCM82623A012412,Honda,Accord,2003,17,5377,181649,Hueytown,AL,South,15460,33.4237,-87.0221
3VWDP7AJ5DM439921,Volkswagen,Jetta,2013,7,12595,44808,Bakersfield,CA,West,574362,35.353,-119.0359
1GCEC19W21Z268880,Chevrolet,Silverado,2001,19,4988,163875,Sacramento,CA,West,1854698,38.5667,-121.4683
5J6RM3H79CL029587,Honda,CR-VEX-L,2012,8,16995,78961,Opelousas,LA,South,25056,30.528,-92.0851
1GT125C81BF212211,GMC,Sierra,2011,9,48995,78278,Vacaville,CA,West,100801,38.359,-121.968
1C4RJEBG2GC401621,Jeep,Grand,2016,4,28999,26904,Houston,TX,South,5446468,29.7869,-95.3905
5TFHW5F1XHX616046,Toyota,Tundra,2017,3,43991,1312,Fond du Lac,WI,Midwest,54629,43.7718,-88.4397
1HGCT1B84EA001023,Honda,Accord,2014,6,15370,86537,Abilene,TX,South,114964,32.4543,-99.7384
1G1ZE5ST8HF190077,Chevrolet,MalibuLT,2017,3,18533,18219,Victorville,CA,West,346948,34.5277,-117.3536
4S4BSAKC7H3279713,Subaru,Outback2.5i,2017,3,30388,8127,Austin,TX,South,1638716,30.3006,-97.7517
1C4BJWEG4DL507521,Jeep,Wrangler,2013,7,28585,69360,Hamler,OH,Midwest,559,41.2281,-84.0355
5N1AT2MV8FC797548,Nissan,RogueSV,2015,5,21919,9239,New Rochelle,NY,Northeast,79946,40.9305,-73.7836
5XYZT3LBXEG171143,Hyundai,Santa,2014,6,17350,31191,El Cajon,CA,West,103894,32.8017,-116.9604
2HGFB2F84EH543739,Honda,Civic,2014,6,15990,19204,Fredericksburg,VA,South,164976,38.2992,-77.4872
2HGFG3B04DH518684,Honda,Civic,2013,7,12700,90378,Highland Park,IL,Midwest,29767,42.1823,-87.8105
19XFB2F58EE067110,Honda,Civic,2014,6,12555,44931,Bristol,WI,Midwest,5034,42.5378,-88.0149
1FM5K8D83FGC61259,Ford,ExplorerXLT,2015,5,27659,33342,Bensenville,IL,Midwest,18330,41.9595,-87.9434
5XYKTCA6XFG567775,Kia,SorentoLX,2015,5,19000,18123,Beloit,KS,Midwest,3187,39.4645,-98.1083
2GNALDEKXC1181590,Chevrolet,EquinoxFWD,2012,8,13987,52321,Bridgeview,IL,Midwest,16335,41.7402,-87.8067
1FTDX1766VKC77115,Ford,F-1502WD,1997,23,6995,99650,Des Moines,IA,Midwest,481222,41.5725,-93.6105
1HGCR2F3XEA219227,Honda,Accord,2014,6,15750,24063,Virginia Beach,VA,South,1480383,36.7335,-76.0435
1GCRCREH6EZ146892,Chevrolet,Silverado,2014,6,26995,39134,Countryside,IL,Midwest,5964,41.7741,-87.8752
4T1BF1FK3HU301142,Toyota,CamrySE,2017,3,16488,21455,Miami,FL,South,6381966,25.7839,-80.2102
1C4RJFAG0GC434267,Jeep,Grand,2016,4,25154,39320,Clarksville,TN,South,182849,36.5696,-87.3428
3FA6P0H7XGR367799,Ford,FusionSE,2016,4,16677,25281,East Dundee,IL,Midwest,3192,42.097,-88.2545
2T1BURHE0EC195810,Toyota,CorollaLE,2014,6,12000,62140,Kirkwood,MO,Midwest,27653,38.5789,-90.4203
3GCPCSEC9EG460779,Chevrolet,Silverado,2014,6,33995,48533,Fuquay-Varina,NC,South,27906,35.5961,-78.7807
WMWWG9C56G3C22357,MINI,Cooper,2016,4,28975,2284,Dallas,TX,South,5733259,32.7936,-96.7662
2T1BURHE7EC217396,Toyota,CorollaLE,2014,6,14991,19871,Greenville,SC,South,467894,34.8362,-82.3649
5NMSH73E67H121403,Hyundai,Santa,2007,13,8500,105655,Norfolk,VA,South,244703,36.8945,-76.259
SALSK25469A191191,Land,Rover,2009,11,15999,87784,Roswell,GA,South,94786,34.0391,-84.3513
WBA3C3G55ENS67097,BMW,3,2014,6,22950,23084,Carrollton,TX,South,135710,32.989,-96.8999
19XFC2F79GE075671,Honda,Civic,2016,4,17391,16014,Orlando,FL,South,1776841,28.4772,-81.3369
2FMTK3J83FBB26756,Ford,EdgeSEL,2015,5,24995,36640,San Antonio,TX,South,2002530,29.4658,-98.5254
3VWLA7AJ9FM202185,Volkswagen,Jetta,2015,5,19250,42449,Urbana,IL,Midwest,41989,40.1106,-88.1972
1N4AL3AP1FC285734,Nissan,Altima2.5,2015,5,15988,17095,Franklin,TN,South,78321,35.9216,-86.8525
2GNALBEKXF6352673,Chevrolet,EquinoxFWD,2015,5,17976,14885,Lansing,MI,Midwest,320928,42.7142,-84.5601
KNMAT2MT5GP597739,Nissan,RogueSV,2016,4,20988,2801,Corpus Christi,TX,South,341435,27.7261,-97.3755
2G1FE1E31C9128125,Chevrolet,CamaroCoupe,2012,8,14788,74267,Memphis,TN,South,1068873,35.1046,-89.9773
5XXGM4A75FG352813,Kia,OptimaLX,2015,5,16777,30063,Clovis,CA,West,109691,36.8277,-119.6838
2GNFLGEK4E6103111,Chevrolet,EquinoxAWD,2014,6,14991,73906,Crossville,TN,South,17326,35.9526,-85.0294
WBSBL93415PN61608,BMW,3,2005,15,17999,78016,Countryside,IL,Midwest,5964,41.7741,-87.8752
3VWD17AJ1EM291222,Volkswagen,Jetta,2014,6,10995,50742,Brooklyn,NY,Northeast,2629150,40.6501,-73.9496
4S4BSACC5H3318667,Subaru,Outback2.5i,2017,3,27377,7715,Saco,ME,Northeast,19485,43.539,-70.4624
5XYPGDA30HG293981,Kia,SorentoLX,2017,3,23486,6807,Scottsdale,AZ,West,249950,33.6872,-111.8651
1G1ZE5ST3HF208016,Chevrolet,MalibuLT,2017,3,18533,15585,Stuart,FL,South,16543,27.1958,-80.2438
2CNDL13F796240192,Chevrolet,EquinoxFWD,2009,11,7880,102000,Plattsmouth,NE,Midwest,6544,41.0053,-95.894
1G1ZE5ST2HF188258,Chevrolet,MalibuLT,2017,3,18533,15445,Escondido,CA,West,151969,33.1347,-117.0723
3GCUKSEC4EG465670,Chevrolet,Silverado,2014,6,35744,46448,Texarkana,TX,South,80145,33.4487,-94.0815
1FMCU0GX4GUA83595,Ford,EscapeFWD,2016,4,18994,16620,Conyers,GA,South,16015,33.6645,-83.9967
1GCHK29U82E266533,Chevrolet,Silverado,2002,18,5700,101365,Bethlehem,PA,Northeast,75707,40.6266,-75.3679
1FMCU0J93HUC04788,Ford,EscapeFWD,2017,3,22567,21142,Victorville,CA,West,346948,34.5277,-117.3536
2A4RR6DX5AR143020,Chrysler,Town,2010,10,9995,101436,Enterprise,AL,South,38737,31.3276,-85.8459
19XFB2F51FE009888,Honda,Civic,2015,5,12760,70689,Lexington,SC,South,21265,33.9891,-81.2195
1FADP3F2XDL148951,Ford,FocusSedan,2013,7,9999,41392,Webster,NY,Northeast,5652,43.215,-77.4225
5XXGM4A74FG466656,Kia,OptimaLX,2015,5,13748,46551,Antioch,IL,Midwest,14235,42.4742,-88.0721
1FTEW1CM8EKE11330,Ford,F-1502WD,2014,6,25994,73540,Abilene,TX,South,114964,32.4543,-99.7384
WMWZC3C57DWP21830,MINI,Cooper,2013,7,14900,53818,Plano,TX,South,286143,33.0502,-96.7487
WBA5B3C56ED293263,BMW,5,2014,6,32995,47482,Westbrook,ME,Northeast,18730,43.6954,-70.3539
5YFBURHE7HP691580,Toyota,CorollaLE,2017,3,21394,4200,Winnsboro,LA,South,5078,32.1651,-91.721
1HGCR2F7XFA016973,Honda,Accord,2015,5,17382,44239,Columbus,OH,Midwest,1528314,39.986,-82.9851
3VW4S7AJ3FM285534,Volkswagen,Jetta,2015,5,19999,37556,Allentown,PA,Northeast,682899,40.5961,-75.4755
2C4RDGBG6CR182361,Dodge,Grand,2012,8,11998,90733,Virden,IL,Midwest,4193,39.5058,-89.7711
1J4GW58J42C186144,Jeep,Grand,2002,18,5888,115541,San Mateo,CA,West,104748,37.5522,-122.3122
2T2ZZMCA8GC013003,Lexus,RX,2016,4,38000,9539,Brookfield,WI,Midwest,38045,43.064,-88.1231
WMWMS3C50ATY51815,MINI,Cooper,2010,10,7990,89491,Paterson,NJ,Northeast,148678,40.9147,-74.1624
1FT7W2BT7EEB44865,Ford,Super,2014,6,48950,53895,Tyler,TX,South,141116,32.3184,-95.3065
1FT7W2BT6DEA32623,Ford,Super,2013,7,31900,105690,Houston,TX,South,5446468,29.7869,-95.3905
1HGCT1B77EA004716,Honda,Accord,2014,6,14999,72848,Florence,KY,South,32305,38.99,-84.6471
WBAFU9C50BC785824,BMW,5,2011,9,18495,92573,Plano,TX,South,286143,33.0502,-96.7487
JTHBE262785018765,Lexus,IS,2008,12,11199,88950,Placentia,CA,West,52157,33.8807,-117.8553
JTHBW1GG5D2029681,Lexus,ES,2013,7,25950,26966,Dallas,TX,South,5733259,32.7936,-96.7662
2GNALAEK3E6141940,Chevrolet,EquinoxFWD,2014,6,14200,44911,Annapolis,MD,South,39321,38.9706,-76.5047
1HGCR2F38DA002306,Honda,Accord,2013,7,12499,71792,Birmingham,AL,South,744189,33.5277,-86.7987
3GCUKSEC7EG101081,Chevrolet,Silverado,2014,6,34292,56199,Boulder,CO,West,126054,40.0249,-105.2523
5TFRM5F18FX089504,Toyota,Tundra,2015,5,27955,26347,Dallas,TX,South,5733259,32.7936,-96.7662
5J6RM3H79FL003351,Honda,CR-VEX-L,2015,5,24759,23118,Cumming,GA,South,6284,34.2064,-84.1337
2GNALPEK1D6362647,Chevrolet,EquinoxFWD,2013,7,14522,64064,Melbourne,FL,South,82011,28.1085,-80.6627
2GNALPEKXC1220213,Chevrolet,EquinoxFWD,2012,8,9999,137079,Asheboro,NC,South,39076,35.7157,-79.8129
2T3RFREV4FW391768,Toyota,RAV44X4,2015,5,21197,26603,Brooklyn Park,MN,Midwest,80581,45.1112,-93.3505
1G1ZE5STXHF206568,Chevrolet,MalibuLT,2017,3,18995,20055,Osage City,KS,Midwest,2549,38.6337,-95.8218
5XYZT3LB5HG422493,Hyundai,Santa,2017,3,17987,35406,Victorville,CA,West,346948,34.5277,-117.3536
1FM5K7D8XEGA27810,Ford,ExplorerXLT,2014,6,26859,16201,Enid,OK,South,48325,36.4061,-97.8701
1C4RJFBG3EC535671,Jeep,Grand,2014,6,26995,47929,Greencastle,IN,Midwest,10834,39.6431,-86.8419
4T1BF1FKXFU022915,Toyota,CamrySE,2015,5,17988,34120,Lawrence,KS,Midwest,97341,38.9598,-95.2641
5NPE34AF9GH401888,Hyundai,Sonata2.4L,2016,4,21166,2540,Bedford,TX,South,49486,32.8464,-97.135
2GNALAEK2F6249936,Chevrolet,EquinoxFWD,2015,5,14990,33453,Mesa,AZ,West,496401,33.4017,-111.7181
3GTU2WEJ6FG373046,GMC,Sierra,2015,5,49995,34489,Homestead,FL,South,69907,25.4665,-80.4472
1FMCU0G96HUA63531,Ford,EscapeFWD,2017,3,17987,33106,Victorville,CA,West,346948,34.5277,-117.3536
WMWMF73579TW81797,MINI,Cooper,2009,11,8995,97792,Concord,CA,West,654770,37.9722,-122.0016
5TFUM5F10BX024778,Toyota,Tundra,2011,9,22962,98122,Oregon City,OR,West,36360,45.3414,-122.5927
JTHBW1GG2D2005354,Lexus,ES,2013,7,22595,29029,Midway City,CA,West,8819,33.7451,-117.9849
2GNALDEK7D6429847,Chevrolet,EquinoxFWD,2013,7,13877,78621,Texarkana,TX,South,80145,33.4487,-94.0815
1FM5K8D85DGC33377,Ford,ExplorerXLT,2013,7,19495,73870,Frederick,MD,South,154972,39.4336,-77.4157
5NPE24AF7GH385676,Hyundai,Sonata2.4L,2016,4,13294,39374,Gadsden,AL,South,61656,34.009,-86.0156
5XYPG4A39GG129093,Kia,SorentoLX,2016,4,19797,21227,Fairfax,VA,South,24097,38.8531,-77.2997
1FT7W2BT3CED07475,Ford,Super,2012,8,35981,94623,Corpus Christi,TX,South,341435,27.7261,-97.3755
5TFTX4CN7FX048473,Toyota,Tacoma2WD,2015,5,22898,18112,Roseville,CA,West,135329,38.7691,-121.3178
2GNALCEK8G6353764,Chevrolet,EquinoxFWD,2016,4,20998,15821,Wood River,IL,Midwest,10263,38.8632,-90.0774
1FMCU0J93HUB46147,Ford,EscapeFWD,2017,3,21867,28669,Vero Beach,FL,South,16919,27.6463,-80.393
1G1BF5SM8H7206313,Chevrolet,CruzeSedan,2017,3,17679,12664,Delray Beach,FL,South,68749,26.455,-80.0905
1G1BE5SM5H7183172,Chevrolet,CruzeSedan,2017,3,15990,13984,Sterling,VA,South,30378,39.0052,-77.405
1G1ZE5ST0HF184936,Chevrolet,MalibuLT,2017,3,18533,15813,Victorville,CA,West,346948,34.5277,-117.3536
1VWBN7A33CC089252,Volkswagen,Passat4dr,2012,8,16999,84654,Puyallup,WA,West,41001,47.1794,-122.2902
1VWCP7A39DC052674,Volkswagen,Passat4dr,2013,7,14995,69173,Fresno,CA,West,698021,36.7831,-119.7941
2T3BFREV5EW200228,Toyota,RAV44X4,2014,6,17988,30631,Fairfax,VA,South,24097,38.8531,-77.2997
1FADP3F23DL236899,Ford,FocusSedan,2013,7,9543,62834,Delano,CA,West,54471,35.767,-119.2637
5XYZTDLB9FG281849,Hyundai,Santa,2015,5,18495,43908,Coon Rapids,MN,Midwest,62656,45.1755,-93.3095
1VWCT7A38GC002011,Volkswagen,Passat4dr,2016,4,27495,20043,Rome,NY,Northeast,32185,43.226,-75.491
1GTHC29G33E112191,GMC,Sierra,2003,17,8999,162716,Fontana,CA,West,211815,34.0968,-117.4599
1FADP3F22GL294412,Ford,FocusSedan,2016,4,12872,21944,East Petersburg,PA,Northeast,4524,40.1006,-76.3511
JTMRFREV3FJ049453,Toyota,RAV44X4,2015,5,22988,20764,Wilsonville,OR,West,24058,45.3107,-122.7706
1HGCR2F57HA026121,Honda,Accord,2017,3,22967,12003,Langhorne,PA,Northeast,1596,40.1777,-74.9212
3GTU2WEC1EG511494,GMC,Sierra,2014,6,37450,52870,Marion,AR,South,12440,35.2041,-90.2061
2GCEK19T541240156,Chevrolet,Silverado,2004,16,6880,154851,Pleasanton,CA,West,83007,37.6663,-121.8805
1HGCR2F30EA277556,Honda,Accord,2014,6,16979,16262,Waco,TX,South,188448,31.5597,-97.1882
WBAVC73578KP37979,BMW,3,2008,12,10495,78622,Lancaster,PA,Northeast,404525,40.042,-76.3012
KNAGM4A73E5484355,Kia,OptimaLX,2014,6,13990,47820,Morristown,TN,South,60316,36.2047,-83.3005
5TFHW5F11EX327715,Toyota,Tundra,2014,6,34498,39878,Milwaukee,WI,Midwest,1377808,43.0642,-87.9673
19XFB2F9XCE300419,Honda,Civic,2012,8,8991,98688,Pinellas Park,FL,South,52854,27.8589,-82.7076
1FTEX1C81AFB98269,Ford,F-1502WD,2010,10,11990,140009,North Palm Beach,FL,South,13057,26.8217,-80.0577
19XFB2F59EE049960,Honda,Civic,2014,6,14500,28602,Colorado Springs,CO,West,623946,38.8674,-104.7606
3GCUKREC1GG308190,Chevrolet,Silverado,2016,4,35800,35768,Smithfield,NC,South,30482,35.5131,-78.3495
JN8AS5MV9DW651426,Nissan,RogueSV,2013,7,15997,41527,Hummels Wharf,PA,Northeast,1599,40.8308,-76.841
5TFDY5F19CX224418,Toyota,Tundra,2012,8,29999,64486,Warrenton,VA,South,9875,38.7176,-77.7975
WBAVC93518K042053,BMW,3,2008,12,11300,78651,Pittsburgh,PA,Northeast,1715297,40.4396,-79.9763
JTHBK1GG9F2188797,Lexus,ES,2015,5,27991,52340,Charleston,SC,South,616085,32.8151,-79.963
5J6RM4H71EL119373,Honda,CR-VEX-L,2014,6,19922,39278,East Stroudsburg,PA,Northeast,56771,41.0023,-75.1779
2T1BURHEXGC684959,Toyota,CorollaLE,2016,4,13500,24347,Charlotte,NC,South,1467362,35.2079,-80.8304
1HGCR2F39EA163992,Honda,Accord,2014,6,14997,33031,McDonough,GA,South,24755,33.4399,-84.1508
1FT7W2BT9GEC50821,Ford,Super,2016,4,41995,15239,Houston,TX,South,5446468,29.7869,-95.3905
1FMCU0GX8GUA59767,Ford,EscapeFWD,2016,4,18881,2430,Fayetteville,NC,South,324700,35.0846,-78.9776
2HGFG12648H556639,Honda,Civic,2008,12,6000,100822,Fayetteville,GA,South,17802,33.45,-84.4709
1C4RJEBG5FC219684,Jeep,Grand,2015,5,31995,18202,Breaux Bridge,LA,South,18881,30.2829,-91.9043
SALAG2D46CA610811,Land,Rover,2012,8,25975,102043,Seattle,WA,West,3643765,47.6211,-122.3244
1J8HS68257C573158,Jeep,Grand,2007,13,10500,102078,Pasadena,CA,West,142647,34.1597,-118.139
KM8SMDHF9GU162253,Hyundai,Santa,2016,4,23995,45620,Missoula,MT,West,90218,46.8685,-114.0095
5J6RM4H76FL017391,Honda,CR-VEX-L,2015,5,24875,23806,Georgetown,TX,South,70685,30.6668,-97.6953
1G1ZE5ST8GF300589,Chevrolet,MalibuLT,2016,4,16990,20440,Grapevine,TX,South,53982,32.9343,-97.0744
2T2ZK1BAXFC203677,Lexus,RX,2015,5,25984,34736,Coral Gables,FL,South,51095,25.7037,-80.2715
KNMAT2MT7FP553689,Nissan,RogueSV,2015,5,16160,44383,Coral Springs,FL,South,133037,26.2702,-80.2591
1FMCU0F75GUC21016,Ford,EscapeFWD,2016,4,15425,26114,Sterling,VA,South,30378,39.0052,-77.405
1FTPX12V58FA33920,Ford,F-1502WD,2008,12,18195,104749,Lakeland,FL,South,291281,28.0557,-81.9545
2GCEC19J981110558,Chevrolet,Silverado,2008,12,17995,94293,Franklin,TN,South,78321,35.9216,-86.8525
1FTFW1ET3BFC84094,Ford,F-1504WD,2011,9,23995,137178,Enterprise,AL,South,38737,31.3276,-85.8459
5XYKT4A74FG592458,Kia,SorentoLX,2015,5,18545,54309,Peoria,AZ,West,168181,33.7844,-112.299
1HGCT1B8XGA003359,Honda,Accord,2016,4,21988,14872,Bristol,WI,Midwest,5034,42.5378,-88.0149
JTJGF10U620141953,Lexus,RX,2002,18,7000,97802,Pasadena,CA,West,142647,34.1597,-118.139
JTHBK1GG5E2141023,Lexus,ES,2014,6,27500,48547,Lakeway,TX,South,15154,30.3547,-97.9854
2G1FT1EWXD9202191,Chevrolet,CamaroCoupe,2013,7,25795,21833,New Castle,DE,South,5348,39.6685,-75.5692
2GNALBEK7E6137024,Chevrolet,EquinoxFWD,2014,6,14991,36749,Tampa,FL,South,2804240,27.9942,-82.4451
1N4AL3AP9GN356989,Nissan,Altima2.5,2016,4,15992,35576,Houston,TX,South,5446468,29.7869,-95.3905
1FMCU9G97FUC84525,Ford,Escape4WD,2015,5,17389,32233,Woodbridge,VA,South,4430,38.6569,-77.2403
JTHBJ46G072078678,Lexus,ES,2007,13,9995,86862,Atlanta,GA,South,5228750,33.7627,-84.4225
4T1BF1FK5HU741668,Toyota,CamrySE,2017,3,17995,16674,Hollywood,FL,South,153627,26.0294,-80.1679
1D7HU16D35J544121,Dodge,Ram,2005,15,11990,81302,Ansonia,CT,Northeast,18813,41.3443,-73.0689
19XFB2F57FE299182,Honda,Civic,2015,5,16180,17607,Marlton,NJ,Northeast,10358,39.9016,-74.9297
3GCUKREC9EG179015,Chevrolet,Silverado,2014,6,34900,57014,Brandon,MS,South,23999,32.2778,-89.9896
1GTR1WE0XDZ187216,GMC,Sierra,2013,7,30988,35591,Tallahassee,FL,South,253030,30.4551,-84.2527
1C4RJFAT5CC145716,Jeep,Grand,2012,8,22934,37797,Rochester,NY,Northeast,711998,43.168,-77.6162
4T1BF1FK1CU594578,Toyota,Camry4dr,2012,8,10711,130757,Lithia Springs,GA,South,17772,33.7811,-84.6486
1G1BE5SM3H7100502,Chevrolet,CruzeSedan,2017,3,16025,18229,Pittsburgh,PA,Northeast,1715297,40.4396,-79.9763
1FMCU0GX1GUA22446,Ford,EscapeFWD,2016,4,16994,30252,Manvel,TX,South,10115,29.4793,-95.3658
3VWD17AJ4EM241561,Volkswagen,Jetta,2014,6,9588,41675,Pensacola,FL,South,344400,30.4427,-87.1886
1G1BE5SMXH7104725,Chevrolet,CruzeSedan,2017,3,16595,27844,Clinton,SC,South,11193,34.4777,-81.8636
1G1ZE5ST4HF104232,Chevrolet,MalibuLT,2017,3,17233,28329,Fort Worth,TX,South,874168,32.7812,-97.3472
3FA6P0HD1GR346460,Ford,FusionSE,2016,4,14995,35106,Lisle,IL,Midwest,22912,41.7922,-88.0883
1C4RJFAG1GC376122,Jeep,Grand,2016,4,25500,35252,Greenville,MI,Midwest,9696,43.1797,-85.2533
1FADP3F28EL367344,Ford,FocusSedan,2014,6,9990,33196,Winterville,NC,South,9654,35.5288,-77.3994
1FTFW1CT4EKF33100,Ford,F-1502WD,2014,6,28000,51982,New Port Richey,FL,South,16256,28.2468,-82.7169
1C4RJFBG9HC710381,Jeep,Grand,2017,3,35333,22925,Chesapeake,VA,South,240397,36.6778,-76.3024
1G1PF5SC8C7338347,Chevrolet,CruzeSedan,2012,8,5999,129400,Marietta,GA,South,61048,33.9532,-84.5422
SALCR2BG8HH652038,Land,Rover,2017,3,40890,11880,Hoffman Estates,IL,Midwest,51567,42.0639,-88.1468
1FADP3F20GL224570,Ford,FocusSedan,2016,4,13985,39065,Burton,OH,Midwest,1454,41.4708,-81.1456
1FADP3F22FL355501,Ford,FocusSedan,2015,5,10989,25992,Amherst,OH,Midwest,12088,41.4022,-82.2303
JTHBK1EG2B2417236,Lexus,ES,2011,9,13895,115801,Gastonia,NC,South,180974,35.2494,-81.1853
1C4RJFBG8GC304784,Jeep,Grand,2016,4,32526,16900,Indianapolis,IN,Midwest,1564699,39.7771,-86.1458
3GCUKSEC8EG119685,Chevrolet,Silverado,2014,6,37995,73190,Fairborn,OH,Midwest,33541,39.801,-84.0094
1HGCT2B87FA001234,Honda,Accord,2015,5,21923,34975,Jacksonville,FL,South,1156291,30.3322,-81.6749
JTHBK1GG0E2150454,Lexus,ES,2014,6,23290,27857,Kennesaw,GA,South,34344,34.0262,-84.6177
5YFBURHE8EP172212,Toyota,CorollaLE,2014,6,14491,43328,Jasper,AL,South,13432,33.8514,-87.2719
5TFGY5F15EX159079,Toyota,Tundra,2014,6,33995,66205,Pleasanton,TX,South,14638,28.9643,-98.4957
1G1BE5SM2H7116402,Chevrolet,CruzeSedan,2017,3,20200,4043,Indianapolis,IN,Midwest,1564699,39.7771,-86.1458
2G1FA1E30F9183584,Chevrolet,CamaroCoupe,2015,5,17499,66270,Portsmouth,NH,Northeast,92513,43.058,-70.7826
1FADP3F29EL140311,Ford,FocusSedan,2014,6,9988,54748,Frankfort,KY,South,38664,38.1924,-84.8643
1GCRKREA2BZ262396,Chevrolet,Silverado,2011,9,9995,162127,Springdale,AR,South,79599,36.1898,-94.1573
1D7HA18N98S518779,Dodge,Ram,2008,12,10469,113699,New Castle,DE,South,5348,39.6685,-75.5692
1FADP3K28FL350874,Ford,FocusHatchback,2015,5,11970,62572,League City,TX,South,104903,29.4874,-95.1087
2GNALDEK6H6119050,Chevrolet,EquinoxFWD,2017,3,27900,19918,Anniston,AL,South,75169,33.6713,-85.8136
1FTFX1EF8EKD24270,Ford,F-1504WD,2014,6,19480,129712,Springfield,MO,Midwest,287222,37.1943,-93.2915
3GTU2VECXEG146663,GMC,Sierra,2014,6,34600,50571,Knoxville,TN,South,585249,35.9692,-83.9496
1J8HR58258C195110,Jeep,Grand,2008,12,11999,94753,Burien,WA,West,51671,47.4762,-122.3393
JTHFF2C21C2526615,Lexus,IS,2012,8,24950,48585,Phoenix,AZ,West,4081849,33.5722,-112.0891
1FTEW1EF5FKD46713,Ford,F-1504WD,2015,5,37988,20980,Huntley,IL,Midwest,27207,42.16,-88.433
2GNALBEK5F1171901,Chevrolet,EquinoxFWD,2015,5,17996,24821,Aurora,MO,Midwest,8335,36.9674,-93.7183
5NPE34AF8FH052821,Hyundai,Sonata2.4L,2015,5,15974,43995,Arlington,TX,South,396394,32.6998,-97.1251
KNMAT2MV6FP512620,Nissan,RogueSV,2015,5,20500,15821,Kirkland,WA,West,88630,47.6997,-122.2041
3D7KS28C25G758704,Dodge,Ram,2005,15,25024,97297,Logan,UT,West,100774,41.74,-111.8419
3GCPKSE74DG171281,Chevrolet,Silverado,2013,7,24988,81748,Tyler,TX,South,141116,32.3184,-95.3065
2T2ZK1BA4FC164861,Lexus,RX,2015,5,32900,29613,Macon,GA,South,152663,32.8065,-83.6974
1N4AL3APXGC145022,Nissan,Altima2.5,2016,4,17547,9767,Sierra Vista,AZ,West,51571,31.563,-110.3153
5XYZKDAG3BG079469,Hyundai,Santa,2011,9,9855,119258,Doylestown,PA,Northeast,8315,40.3139,-75.128
2HGFB2F82EH542427,Honda,Civic,2014,6,12993,35861,Bedford,OH,Midwest,12627,41.3919,-81.5359
3VW4T7AJ6EM362523,Volkswagen,Jetta,2014,6,16700,27832,Ravenna,OH,Midwest,11461,41.1613,-81.2421
WMWMF7C51ATZ72431,MINI,Cooper,2010,10,12500,44471,Pittsburgh,PA,Northeast,1715297,40.4396,-79.9763
1FTEW1EF8FFA09493,Ford,F-1504WD,2015,5,33990,41102,Morehead,KY,South,8229,38.1906,-83.4466
WBA3D3C53EK153880,BMW,3,2014,6,20995,38244,San Jose,CA,West,1821899,37.3021,-121.8489
4T1BF1FK4EU821278,Toyota,CamrySE,2014,6,14591,47293,San Antonio,TX,South,2002530,29.4658,-98.5254
1FMCU03G39KC58780,Ford,EscapeFWD,2009,11,5500,132417,Bethlehem,PA,Northeast,75707,40.6266,-75.3679
1FTRF12215NB31135,Ford,F-1502WD,2005,15,7987,149321,Dunn,NC,South,15576,35.3113,-78.6129
3GCUKSEC1EG109631,Chevrolet,Silverado,2014,6,29973,93401,Kearney,MO,Midwest,8834,39.355,-94.3594
JTHBK1EG3A2413808,Lexus,ES,2010,10,15800,66968,Randallstown,MD,South,35438,39.3723,-76.8024
5XYZUDLA7DG114164,Hyundai,Santa,2013,7,17380,68108,Reno,NV,West,433271,39.5497,-119.8483
WBAVA33508KX88786,BMW,3,2008,12,7995,84915,Raleigh,NC,South,1018336,35.8324,-78.6438
1N4AL3AP1FC261580,Nissan,Altima2.5,2015,5,13881,48106,Vacaville,CA,West,100801,38.359,-121.968
4T1BF1FK2EU311348,Toyota,CamrySE,2014,6,13494,53221,Lubbock,TX,South,262505,33.5642,-101.8871
1FTSX21R99EB13068,Ford,Super,2009,11,18995,131400,Germantown,MD,South,91447,39.1755,-77.2643
WBANV13599C153988,BMW,5,2009,11,12495,96091,West Chicago,IL,Midwest,27182,41.896,-88.2252
2C4RC1CG8GR118875,Chrysler,Town,2016,4,22698,41820,Lincoln,NE,Midwest,285118,40.8088,-96.6796
1FTFW1ET5EKD74682,Ford,F-1504WD,2014,6,33889,35964,Surprise,AZ,West,134085,33.68,-112.4524
1HGCP2F37AA011340,Honda,Accord,2010,10,11195,96276,Tallahassee,FL,South,253030,30.4551,-84.2527
1FADP3F20EL196623,Ford,FocusSedan,2014,6,10000,47111,Muskogee,OK,South,40588,35.743,-95.3566
2C4RDGBG5ER379895,Dodge,Grand,2014,6,12996,72741,Mesa,AZ,West,496401,33.4017,-111.7181
1FT7W2BT1GEA13076,Ford,Super,2016,4,54892,19354,San Antonio,TX,South,2002530,29.4658,-98.5254
5TFRY5F11DX140021,Toyota,Tundra,2013,7,24406,55217,Delray Beach,FL,South,68749,26.455,-80.0905
4T1BF1FK3HU694513,Toyota,CamrySE,2017,3,18987,1235,Miami,FL,South,6381966,25.7839,-80.2102
2GTEK13M081168225,GMC,Sierra,2008,12,24995,107132,Lincoln,NE,Midwest,285118,40.8088,-96.6796
2C4RC1BGXGR252417,Chrysler,Town,2016,4,22000,33603,Lima,OH,Midwest,69798,40.741,-84.1121
3GTU2UEH2EG215108,GMC,Sierra,2014,6,27995,52267,Weatherford,TX,South,42278,32.7535,-97.7724
KNAGM4A71F5527883,Kia,OptimaLX,2015,5,13999,35425,Lake Park,FL,South,8645,26.7998,-80.0685
3GCUKSEC1FG378956,Chevrolet,Silverado,2015,5,37891,23182,Miami,FL,South,6381966,25.7839,-80.2102
5TFLU4EN6CX040947,Toyota,Tacoma4WD,2012,8,30998,51024,Olympia,WA,West,196078,47.0417,-122.8959
19XFB2F9XEE013472,Honda,Civic,2014,6,14485,32801,St. Petersburg,FL,South,263255,27.793,-82.6652
1FMCU9GD9HUC81004,Ford,Escape4WD,2017,3,22500,2795,Hillsboro,OR,West,106894,45.5272,-122.936
2C4RC1BG4GR301806,Chrysler,Town,2016,4,18997,40038,Milwaukie,OR,West,20801,45.4447,-122.6221
1FA6P0H71F5130054,Ford,FusionSE,2015,5,16999,42063,Medford,OR,West,168219,42.3372,-122.8537
1C4HJWEG0HL665760,Jeep,Wrangler,2017,3,39999,2188,Houston,TX,South,5446468,29.7869,-95.3905
5TFDY5F17AX130910,Toyota,Tundra,2010,10,28949,47994,Tacoma,WA,West,213418,47.2431,-122.4531
1C4RJFCG6FC726050,Jeep,Grand,2015,5,33129,43293,Winnsboro,LA,South,5078,32.1651,-91.721
2D4RN4DG1BR663208,Dodge,Grand,2011,9,10966,96489,Glassboro,NJ,Northeast,20011,39.7014,-75.1113
2CTALMECXB6278926,GMC,TerrainFWD,2011,9,10918,92460,Mechanicsville,VA,South,37674,37.6262,-77.3561
3GCPCREC8EG111475,Chevrolet,Silverado,2014,6,26606,73532,Austin,TX,South,1638716,30.3006,-97.7517
1C4HJWDG1FL601872,Jeep,Wrangler,2015,5,30998,39603,Santa Clarita,CA,West,309378,34.4155,-118.4992
1GTEK19Z26Z236628,GMC,Sierra,2006,14,15836,83325,Baxley,GA,South,5578,31.7642,-82.3508
3D7MX38A88G236792,Dodge,Ram,2008,12,34999,65199,Puyallup,WA,West,41001,47.1794,-122.2902
3VWD67AJ9GM294292,Volkswagen,Jetta,2016,4,14495,43814,Indianapolis,IN,Midwest,1564699,39.7771,-86.1458
2GNFLHE38F6231013,Chevrolet,EquinoxAWD,2015,5,25495,22407,Chelsea,MI,Midwest,5615,42.3132,-84.0188
1G1BE5SM6H7178465,Chevrolet,CruzeSedan,2017,3,15745,16070,Stonewall,LA,South,2262,32.2715,-93.81
3TMLU4ENXFM173270,Toyota,Tacoma4WD,2015,5,28099,31663,Longmont,CO,West,99398,40.169,-105.0996
1G1FF1R79G0161285,Chevrolet,CamaroCoupe,2016,4,28424,32066,Miami,FL,South,6381966,25.7839,-80.2102
1HGCR2F80HA189431,Honda,Accord,2017,3,25126,2898,Fairfield,OH,Midwest,42566,39.3301,-84.5405
5J6RM4H77FL105480,Honda,CR-VEX-L,2015,5,24500,33029,San Jose,CA,West,1821899,37.3021,-121.8489
3FA6P0H75GR260627,Ford,FusionSE,2016,4,12488,40955,Fredericksburg,VA,South,164976,38.2992,-77.4872
SALSK2D42CA718667,Land,Rover,2012,8,31480,51313,Burbank,CA,West,104834,34.1879,-118.3235
1FTEW1CF0FKD95739,Ford,F-1502WD,2015,5,38198,35683,Weatherford,TX,South,42278,32.7535,-97.7724
1FTFW1ET5EFC30428,Ford,F-1504WD,2014,6,32624,42589,Del City,OK,South,21798,35.4483,-97.4408
3GCUKRECXGG298162,Chevrolet,Silverado,2016,4,35994,18189,Grapevine,TX,South,53982,32.9343,-97.0744
2D4RN3D1XAR435311,Dodge,Grand,2010,10,10395,60823,Lombard,IL,Midwest,43745,41.8741,-88.0157
1FTWW3BR9AEA59235,Ford,Super,2010,10,27450,97886,Portland,OR,West,2052796,45.5371,-122.65
1D3HV18P79S804557,Dodge,Ram,2009,11,14450,139318,Columbia,MO,Midwest,139945,38.9477,-92.3255
2C4RC1BGXGR239330,Chrysler,Town,2016,4,20995,40981,Grandville,MI,Midwest,15970,42.9003,-85.7564
1FTEX1CM3EFA55570,Ford,F-1502WD,2014,6,24864,36200,Warner Robins,GA,South,149617,32.5975,-83.6526
1C4BJWFG6FL735313,Jeep,Wrangler,2015,5,37791,23275,Bradenton,FL,South,56508,27.49,-82.574
1FMCU9J92FUB35092,Ford,Escape4WD,2015,5,24988,24273,Broomall,PA,Northeast,10883,39.9694,-75.3529
WBANU53598CT12470,BMW,5,2008,12,8900,118327,Columbia,KY,South,5019,37.1037,-85.3073
5XYPG4A31HG238729,Kia,SorentoLX,2017,3,22957,629,Kennesaw,GA,South,34344,34.0262,-84.6177
1J4GA391X9L714054,Jeep,Wrangler,2009,11,21450,59313,Portland,OR,West,2052796,45.5371,-122.65
1FMCU9D75CKA14672,Ford,Escape4WD,2012,8,13995,31332,Fort Collins,CO,West,303184,40.5475,-105.0651
2C4RC1CG1FR539884,Chrysler,Town,2015,5,19995,80469,Defiance,OH,Midwest,18519,41.281,-84.3659
5TFDW5F1XEX413801,Toyota,Tundra,2014,6,36495,29608,Opelousas,LA,South,25056,30.528,-92.0851
3FA6P0T91HR119998,Ford,FusionSE,2017,3,19900,11423,Canby,OR,West,19206,45.2653,-122.6866
3GTU2NEC2GG216756,GMC,Sierra,2016,4,43500,26558,Crestview,FL,South,36880,30.7481,-86.5784
3GTU2NEC1HG281602,GMC,Sierra,2017,3,45000,12318,Columbus,GA,South,259160,32.51,-84.8771
1HGCR2F32EA247832,Honda,Accord,2014,6,12480,90279,Hoover,AL,South,84920,33.3754,-86.8065
2HGFG4A54CH707028,Honda,Civic,2012,8,13599,71851,Dayton,OH,Midwest,718169,39.7797,-84.1998
1C4BJWEG7GL221201,Jeep,Wrangler,2016,4,33497,24298,Bowling Green,OH,Midwest,32572,41.3773,-83.6501
WBA3B1C56EPV79947,BMW,3,2014,6,22688,29150,Austin,TX,South,1638716,30.3006,-97.7517
2GNFLEEK0D6276899,Chevrolet,EquinoxAWD,2013,7,19398,32091,Grass Valley,CA,West,34650,39.2237,-121.0521
2HGFA16588H530144,Honda,Civic,2008,12,6495,142438,Memphis,TN,South,1068873,35.1046,-89.9773
5XXGT4L33HG124549,Kia,OptimaLX,2017,3,18077,17057,Vero Beach,FL,South,16919,27.6463,-80.393
WMWZC3C54EWP25299,MINI,Cooper,2014,6,16893,37768,Corte Madera,CA,West,9864,37.9238,-122.5129
3VWD17AJ9EM227221,Volkswagen,Jetta,2014,6,11000,28929,Goodyear,AZ,West,79858,33.2614,-112.3622
3GCUKSEC4GG304156,Chevrolet,Silverado,2016,4,43900,12363,Ankeny,IA,Midwest,62416,41.7284,-93.6034
1FM5K7D87DGB26437,Ford,ExplorerXLT,2013,7,15000,118199,San Benito,TX,South,24528,26.1298,-97.644
1FMCU0G71FUA19223,Ford,EscapeFWD,2015,5,15490,40806,Locust,NC,South,3171,35.2687,-80.4368
5NMSG13D87H069635,Hyundai,Santa,2007,13,4521,193569,Cary,NC,South,165904,35.7817,-78.8175
1FTFW1ET8BFC89114,Ford,F-1504WD,2011,9,25996,86734,Lake Park,FL,South,8645,26.7998,-80.0685
WMWZC3C50EWP27079,MINI,Cooper,2014,6,15997,42463,Roseville,CA,West,135329,38.7691,-121.3178
5NPDH4AE9GH697659,Hyundai,Elantra4dr,2016,4,11995,40761,Santa Ana,CA,West,334136,33.7366,-117.8819
KMHD74LF6HU084894,Hyundai,Elantra4dr,2017,3,12994,26616,Victorville,CA,West,346948,34.5277,-117.3536
3FA6P0HR2DR127448,Ford,FusionSE,2013,7,12996,32414,Lakewood,WA,West,60296,47.1628,-122.5299
1FADP3K2XGL204901,Ford,FocusHatchback,2016,4,11993,41570,Lynnwood,WA,West,38273,47.8285,-122.3035
WMWRE33566TJ33304,MINI,Cooper,2006,14,6999,90765,Corona,CA,West,167836,33.862,-117.5641
WBA8B9G5XHNU49555,BMW,3,2017,3,34795,5890,Austin,TX,South,1638716,30.3006,-97.7517
5TFLU4EN8FX139533,Toyota,Tacoma4WD,2015,5,24475,121994,Statesboro,GA,South,40090,32.4376,-81.775
5TFDW5F16GX535381,Toyota,Tundra,2016,4,37000,31936,Frisco,TX,South,177286,33.1554,-96.8217
2T2ZK1BA3CC083815,Lexus,RX,2012,8,26200,35875,Phoenix,AZ,West,4081849,33.5722,-112.0891
3GTU2UEC3FG429255,GMC,Sierra,2015,5,36995,23546,Chowchilla,CA,West,11740,37.1095,-120.2349
2GNFLGEK6E6260901,Chevrolet,EquinoxAWD,2014,6,19480,64967,Richmond,KY,South,40111,37.7306,-84.2926
5XXGT4L34HG133454,Kia,OptimaLX,2017,3,17900,9342,Clearwater,FL,South,115513,27.9788,-82.7624
1HGCR2F73FA038085,Honda,Accord,2015,5,18600,20983,Racine,WI,Midwest,131467,42.7274,-87.8135
1C4BJWEG8EL266659,Jeep,Wrangler,2014,6,35000,73144,Hurst,TX,South,39051,32.8353,-97.1808
2GNALBEK7F6105238,Chevrolet,EquinoxFWD,2015,5,15457,63087,Jacksonville,NC,South,108872,34.7287,-77.394
WMWZC5C51DWM16044,MINI,Cooper,2013,7,14859,74116,Addison,IL,Midwest,36820,41.9314,-88.0085
1HGCR2F7XFA061136,Honda,Accord,2015,5,17472,24657,Irving,TX,South,240373,32.8584,-96.9702
1C4RJFAG8EC541242,Jeep,Grand,2014,6,28500,26010,Amityville,NY,Northeast,9524,40.6696,-73.4156
1FMCU0GX4FUB82318,Ford,EscapeFWD,2015,5,12999,44675,Orlando,FL,South,1776841,28.4772,-81.3369
2G1FC1E33D9108577,Chevrolet,CamaroCoupe,2013,7,17950,80020,Albuquerque,NM,West,758523,35.1053,-106.6464
1J4PR4GK1AC111069,Jeep,Grand,2010,10,11000,94230,Chattanooga,TN,South,407182,35.0657,-85.2487
5TFSX5EN6GX046746,Toyota,Tacoma4WD,2016,4,28438,9943,Scranton,PA,Northeast,389022,41.4044,-75.6649
1FMCU9J99HUB46500,Ford,Escape4WD,2017,3,22525,34932,Overland Park,KS,Midwest,191278,38.887,-94.687
2T1BURHE6FC257261,Toyota,CorollaLE,2015,5,15626,13963,Little Rock,AR,South,442699,34.7255,-92.358
2A4RR8DG6BR733627,Chrysler,Town,2011,9,12336,99010,Vincennes,IN,Midwest,20501,38.6759,-87.5102
2C4RC1BG2GR301464,Chrysler,Town,2016,4,16995,44380,Henderson,NV,West,302539,36.0146,-115.0362
1N4AL3AP4FC211031,Nissan,Altima2.5,2015,5,18000,25819,Cornelius,NC,South,29191,35.4731,-80.8822
4T1BF1FK4EU774415,Toyota,CamrySE,2014,6,15988,25973,Melbourne,FL,South,82011,28.1085,-80.6627
1C4BJWEG6DL568644,Jeep,Wrangler,2013,7,27488,81287,Franklin,TN,South,78321,35.9216,-86.8525
2C4RDGBG3ER169974,Dodge,Grand,2014,6,15977,68010,Mesa,AZ,West,496401,33.4017,-111.7181
2GNFLGE3XG6132575,Chevrolet,EquinoxAWD,2016,4,21990,40080,Shrewsbury,NJ,Northeast,4122,40.3249,-74.06
WBA3B3C58EJ977322,BMW,3,2014,6,23750,35492,Plano,TX,South,286143,33.0502,-96.7487
1C4BJWFGXCL262723,Jeep,Wrangler,2012,8,28995,103984,San Antonio,TX,South,2002530,29.4658,-98.5254
3GTU2UECXFG527103,GMC,Sierra,2015,5,33995,33940,Warner Robins,GA,South,149617,32.5975,-83.6526
2A4RR8D16AR495241,Chrysler,Town,2010,10,12975,55975,Seattle,WA,West,3643765,47.6211,-122.3244
3GCUKSEC8GG153452,Chevrolet,Silverado,2016,4,41783,28351,Huntersville,NC,South,56212,35.4057,-80.8729
1G1ZE5STXHF230997,Chevrolet,MalibuLT,2017,3,19000,22282,Kansas City,MO,Midwest,1615621,39.1239,-94.5541
5XXGT4L35HG124231,Kia,OptimaLX,2017,3,16777,27880,Lawrenceville,GA,South,29873,33.9525,-83.9928
19XFC2F73GE215410,Honda,Civic,2016,4,19995,11510,Bristol,TN,South,69865,36.5572,-82.2154
JTHBA30G945001515,Lexus,ES,2004,16,5999,153064,Circleville,OH,Midwest,15657,39.6063,-82.9334
WBAPT73529CX02657,BMW,5,2009,11,16998,72636,Lynnwood,WA,West,38273,47.8285,-122.3035
2GNALBEKXC1163630,Chevrolet,EquinoxFWD,2012,8,6000,154336,Chicago,IL,Midwest,8675982,41.8373,-87.6862
1C4BJWDG8HL615163,Jeep,Wrangler,2017,3,34805,144,Winter Haven,FL,South,245237,28.0118,-81.7017
1GCVKREC1EZ262720,Chevrolet,Silverado,2014,6,30100,36195,Indianapolis,IN,Midwest,1564699,39.7771,-86.1458
1FTEW1E87GFB99726,Ford,F-1504WD,2016,4,31755,34970,New London,CT,Northeast,27072,41.3502,-72.1023
1GCRKSE70DZ165017,Chevrolet,Silverado,2013,7,31997,20896,Tallahassee,FL,South,253030,30.4551,-84.2527
JTHBK1GG1E2086778,Lexus,ES,2014,6,24888,30510,Carrollton,TX,South,135710,32.989,-96.8999
WBAPH7C53BE461834,BMW,3,2011,9,12751,87223,Fife,WA,West,10154,47.2328,-122.3518
1FTRX12829KB24395,Ford,F-1502WD,2009,11,11841,127846,Lewisville,TX,South,106021,33.0452,-96.9823
1FMCU9J98GUA86398,Ford,Escape4WD,2016,4,18240,46784,Newnan,GA,South,38909,33.3765,-84.776
2T1BURHE4EC034487,Toyota,CorollaLE,2014,6,11998,52527,Lake Elsinore,CA,West,66411,33.6846,-117.3344
5XYKT3A62FG662329,Kia,SorentoLX,2015,5,14987,60145,Byron,GA,South,5170,32.6475,-83.754
5N1AT2MV6GC860213,Nissan,RogueSV,2016,4,17799,11331,Post Falls,ID,West,33290,47.7203,-116.9396
1GT42XC86GF162776,GMC,Sierra,2016,4,61995,19761,Phoenix,AZ,West,4081849,33.5722,-112.0891
4S4BSANCXG3219371,Subaru,Outback2.5i,2016,4,28997,19145,Wilsonville,OR,West,24058,45.3107,-122.7706
1HGCT1B31EA007611,Honda,Accord,2014,6,17650,34377,Salisbury,MD,South,106034,38.3755,-75.5867
1FTFW1EFXCFC26107,Ford,F-1504WD,2012,8,23908,62596,Salisbury,MD,South,106034,38.3755,-75.5867
WBA3A5G50FNS83517,BMW,3,2015,5,28995,23050,Houston,TX,South,5446468,29.7869,-95.3905
1HGCT1B89DA002408,Honda,Accord,2013,7,13998,74026,Mechanicsville,VA,South,37674,37.6262,-77.3561
WBAVS13587FX15786,BMW,3,2007,13,8278,107174,Austin,TX,South,1638716,30.3006,-97.7517
1GC1KWEG3FF178322,Chevrolet,Silverado,2015,5,38995,77662,Albany,NY,Northeast,597270,42.6664,-73.7987
1HGCS2B87BA003935,Honda,Accord,2011,9,11992,90922,Atlanta,GA,South,5228750,33.7627,-84.4225
1GTV2UEH2EZ331509,GMC,Sierra,2014,6,29579,20761,Savannah,TN,South,8333,35.2211,-88.2359
19XFB2F58EE066409,Honda,Civic,2014,6,14777,27357,Roswell,GA,South,94786,34.0391,-84.3513
1GT125C84BF251522,GMC,Sierra,2011,9,37990,73832,Santa Fe,NM,West,110078,35.6619,-105.9819
1FDXF46P54EE06997,Ford,Super,2004,16,6500,187864,Lucedale,MS,South,2761,30.9312,-88.5959
1N4AL3APXEC120134,Nissan,Altima2.5,2014,6,13999,49414,Peoria,AZ,West,168181,33.7844,-112.299
1FTFW1ET9EKG48983,Ford,F-1504WD,2014,6,21650,80278,Fontana,CA,West,211815,34.0968,-117.4599
WBSBR93443PK00921,BMW,3,2003,17,13977,116798,Tacoma,WA,West,213418,47.2431,-122.4531
1FT7W2B6XGEC64169,Ford,Super,2016,4,31975,39418,Kansas City,KS,Midwest,152938,39.1234,-94.7443
WBA8E9C50GK645744,BMW,3,2016,4,27995,22345,Clovis,NM,West,42875,34.4376,-103.1923
1B7KF23Z01J610859,Dodge,Ram,2001,19,9994,105399,Point Pleasant,NJ,Northeast,18651,40.0772,-74.0702
1GC1KYC88BF124418,Chevrolet,Silverado,2011,9,35000,146471,Cullman,AL,South,19114,34.1777,-86.8399
1G1ZE5ST6HF188649,Chevrolet,MalibuLT,2017,3,17233,25386,Victorville,CA,West,346948,34.5277,-117.3536
1FTFW1EF4EKE45705,Ford,F-1504WD,2014,6,19999,88207,Texarkana,TX,South,80145,33.4487,-94.0815
1J4RR4GG3BC712893,Jeep,Grand,2011,9,14450,104792,Post Falls,ID,West,33290,47.7203,-116.9396
WBA8B9G59HNU09516,BMW,3,2017,3,36777,8557,Encinitas,CA,West,63184,33.049,-117.2613
3FA6P0H77FR279761,Ford,FusionSE,2015,5,15720,32504,Plattsmouth,NE,Midwest,6544,41.0053,-95.894
1FMCU5K35AKD22057,Ford,Escape4WD,2010,10,11325,83673,Wake Forest,NC,South,42269,35.9634,-78.5139
1GCRCSECXEZ284981,Chevrolet,Silverado,2014,6,32500,11839,Naples,FL,South,21948,26.1505,-81.7936
1FTPW14V68FC24407,Ford,F-1504WD,2008,12,20900,79595,Dalhart,TX,South,8121,36.0579,-102.5123
1J4BA6H18AL157582,Jeep,Wrangler,2010,10,27999,74282,Puyallup,WA,West,41001,47.1794,-122.2902
3GTU2VEC6EG552200,GMC,Sierra,2014,6,39988,18227,Spring,TX,South,57932,30.0613,-95.383
1GCVKRECXEZ383407,Chevrolet,Silverado,2014,6,31995,13027,Hamilton,OH,Midwest,62092,39.3938,-84.5652
2GNFLGE3XD6237757,Chevrolet,EquinoxAWD,2013,7,18900,49882,Lancaster,OH,Midwest,44200,39.7249,-82.6049
1GNALCEK3GZ102400,Chevrolet,EquinoxFWD,2016,4,20750,22629,Jonesboro,GA,South,4755,33.5212,-84.3541
1FTFW1ET8CFA78304,Ford,F-1504WD,2012,8,24788,87289,Boise,ID,West,385218,43.6007,-116.2312
1VWCM7A31CC022544,Volkswagen,Passat4dr,2012,8,10999,72359,Las Vegas,NV,West,2073045,36.2333,-115.2654
2C4RC1BG5DR777574,Chrysler,Town,2013,7,11500,119846,Jacksonville,FL,South,1156291,30.3322,-81.6749
1FTFW1ET2CKD90738,Ford,F-1504WD,2012,8,29645,64346,Olympia,WA,West,196078,47.0417,-122.8959
3TMGZ5AN8HM102750,Toyota,Tacoma4WD,2017,3,40999,1986,Fort Collins,CO,West,303184,40.5475,-105.0651
WMWZC5C52CWL58024,MINI,Cooper,2012,8,16990,9544,Wappingers Falls,NY,Northeast,5508,41.5984,-73.9181
1C4RJFAG0EC506128,Jeep,Grand,2014,6,28946,41606,Elgin,IL,Midwest,112456,42.0385,-88.3229
2CNDL23F296210331,Chevrolet,EquinoxAWD,2009,11,9985,63314,Burton,OH,Midwest,1454,41.4708,-81.1456
1FTSW31P14EC23600,Ford,Super,2004,16,23987,82396,Wilsonville,OR,West,24058,45.3107,-122.7706
WBA3B3G52DNR81044,BMW,3,2013,7,24980,16723,Greenwood,IN,Midwest,57375,39.6019,-86.1073
5TFCZ5AN9GX016872,Toyota,Tacoma4WD,2016,4,32995,41203,Conway,SC,South,23714,33.8403,-79.0422
2T3RFREV0FW304934,Toyota,RAV44X4,2015,5,20491,28055,Dover,NH,Northeast,92234,43.1887,-70.8845
2GKALSEK2C6307333,GMC,TerrainFWD,2012,8,14970,83919,Lincoln,NE,Midwest,285118,40.8088,-96.6796
1FTFW1R69EFC18898,Ford,F-1504WD,2014,6,53777,41240,Mesa,AZ,West,496401,33.4017,-111.7181
4T1BE30K46U710688,Toyota,Camry4dr,2006,14,3999,144644,Totowa,NJ,Northeast,10817,40.9039,-74.2214
1GTV2VEC1EZ359957,GMC,Sierra,2014,6,32299,37638,Williamstown,NJ,Northeast,15191,39.6874,-74.9786
WBAXG5C5XDDY34710,BMW,5,2013,7,23495,33220,Roswell,GA,South,94786,34.0391,-84.3513
KMHD74LF9HU094416,Hyundai,Elantra4dr,2017,3,12994,27938,Lawrenceville,GA,South,29873,33.9525,-83.9928
1GCEK14Z24Z239775,Chevrolet,Silverado,2004,16,7995,126913,Cleveland,OH,Midwest,1730363,41.4767,-81.6805
3VWD17AJ0EM300055,Volkswagen,Jetta,2014,6,11978,23881,Devon,PA,Northeast,1749,40.0496,-75.4271
1FADP3F26GL217493,Ford,FocusSedan,2016,4,10914,40205,Escondido,CA,West,151969,33.1347,-117.0723
5TFRX5GN8HX076814,Toyota,Tacoma2WD,2017,3,24678,10569,Beaumont,TX,South,148954,30.085,-94.1451
1GCRCREC5FZ351237,Chevrolet,Silverado,2015,5,25245,75263,Gainesville,GA,South,156248,34.2902,-83.8303
3GTU2NEC5HG134814,GMC,Sierra,2017,3,44500,5586,Macon,GA,South,152663,32.8065,-83.6974
2C4RDGCG2HR554333,Dodge,Grand,2017,3,21394,18106,Souderton,PA,Northeast,7008,40.311,-75.3223
5NPE34AF0GH265604,Hyundai,Sonata2.4L,2016,4,17792,6828,Homestead,FL,South,69907,25.4665,-80.4472
KNAGM4A70F5527714,Kia,OptimaLX,2015,5,12900,44517,Hollywood,FL,South,153627,26.0294,-80.1679
2T3BFREV7DW071472,Toyota,RAV44X4,2013,7,16995,47329,Fredericksburg,VA,South,164976,38.2992,-77.4872
2GNALCEK3G1116502,Chevrolet,EquinoxFWD,2016,4,19399,19795,Royal Oak,MI,Midwest,59112,42.5084,-83.1539
3GCPCREC5FG323378,Chevrolet,Silverado,2015,5,29500,44398,DeRidder,LA,South,13617,30.8467,-93.2931
JTHBK262792093087,Lexus,IS,2009,11,15695,84000,Fort Worth,TX,South,874168,32.7812,-97.3472
1FM5K8D87FGA53546,Ford,ExplorerXLT,2015,5,25388,36310,Cheboygan,MI,Midwest,4371,45.6415,-84.4685
1GCNCPEX1CZ100202,Chevrolet,Silverado,2012,8,15495,85671,Boardman,OH,Midwest,34717,41.0334,-80.6671
KM8SR4HF1EU082699,Hyundai,Santa,2014,6,26499,17305,Tracy,CA,West,95982,37.726,-121.444
5TFUM5F15FX061881,Toyota,Tundra,2015,5,32795,20812,Dublin,GA,South,20493,32.5359,-82.9279
1FMCU9J91GUA65926,Ford,Escape4WD,2016,4,21744,34520,Joliet,IL,Midwest,148462,41.5189,-88.1499
3VWD17AJ3EM303516,Volkswagen,Jetta,2014,6,12700,35020,Coraopolis,PA,Northeast,5530,40.5148,-80.1627
2T2ZK1BA6FC197392,Lexus,RX,2015,5,38990,12170,Carlsbad,CA,West,115330,33.1247,-117.2837
1GTEK14T12Z167928,GMC,Sierra,2002,18,10995,171068,Royston,GA,South,2994,34.2859,-83.1097
3GCUKTEC5EG348251,Chevrolet,Silverado,2014,6,37685,18712,Towanda,PA,Northeast,4462,41.7706,-76.4472
WMWMF33519TU74119,MINI,Cooper,2009,11,8478,48328,Jersey City,NJ,Northeast,270753,40.7161,-74.0683
2T1BURHEXEC167898,Toyota,CorollaLE,2014,6,17995,18171,Albuquerque,NM,West,758523,35.1053,-106.6464
2G1FB1E30E9317134,Chevrolet,CamaroCoupe,2014,6,22899,23798,National City,CA,West,61363,32.6654,-117.0983
3VW2K7AJ4FM240464,Volkswagen,Jetta,2015,5,8999,58739,Santa Ana,CA,West,334136,33.7366,-117.8819
WBA8Z5C50GG500431,BMW,3,2016,4,35998,19051,Tempe,AZ,West,185038,33.3881,-111.9318
3GCPCREC3EG204906,Chevrolet,Silverado,2014,6,29455,58265,Denton,TX,South,440146,33.2176,-97.1419
4T1BF3EK4BU132270,Toyota,Camry4dr,2011,9,9497,71342,Fort Wayne,IN,Midwest,328564,41.0885,-85.1436
3TMJU4GN5FM193558,Toyota,Tacoma2WD,2015,5,25940,78998,Cerritos,CA,West,51020,33.8677,-118.0686
1GCVKPEC8FZ307738,Chevrolet,Silverado,2015,5,25509,44220,Brooklyn Park,MN,Midwest,80581,45.1112,-93.3505
1G1ZE5ST5HF199478,Chevrolet,MalibuLT,2017,3,17933,20283,Victorville,CA,West,346948,34.5277,-117.3536
KNAGM4A71F5584536,Kia,OptimaLX,2015,5,13888,26247,Montpelier,VT,Northeast,7484,44.2658,-72.5717
1C4RJFAG3CC189863,Jeep,Grand,2012,8,18891,48519,Doylestown,PA,Northeast,8315,40.3139,-75.128
KMHDH4AE8DU752048,Hyundai,Elantra4dr,2013,7,12095,39427,Augusta,GA,South,389383,33.3645,-82.0708
1GCRCPECXFZ297969,Chevrolet,Silverado,2015,5,24995,32703,Castroville,TX,South,4563,29.3512,-98.8721
1C4BJWFG9DL660751,Jeep,Wrangler,2013,7,31988,40974,Portsmouth,NH,Northeast,92513,43.058,-70.7826
KM8SM4HF3HU207592,Hyundai,Santa,2017,3,23255,21315,Augusta,GA,South,389383,33.3645,-82.0708
2HKRM4H7XEH693478,Honda,CR-VEX-L,2014,6,23200,6856,Glendale,WI,Midwest,12728,43.1288,-87.9277
1VWAT7A34EC055115,Volkswagen,Passat4dr,2014,6,10589,76790,Albuquerque,NM,West,758523,35.1053,-106.6464
3VWD67AJ1GM251775,Volkswagen,Jetta,2016,4,13995,31897,Tracy,CA,West,95982,37.726,-121.444
1HGFA16839L022467,Honda,Civic,2009,11,8000,106478,Baltimore,MD,South,2170504,39.3051,-76.6144
1C4BJWDG8CL280270,Jeep,Wrangler,2012,8,19487,121619,Gadsden,AL,South,61656,34.009,-86.0156
1GCHK29205E176733,Chevrolet,Silverado,2005,15,20980,110271,Hendersonville,NC,South,13954,35.3241,-82.4578
1HGCR2F54FA065214,Honda,Accord,2015,5,14995,48038,Burr Ridge,IL,Midwest,10818,41.7485,-87.9199
5YFBURHE6HP627689,Toyota,CorollaLE,2017,3,17857,2139,Metairie,LA,South,144822,29.9976,-90.1781
1HGCR2F55FA058384,Honda,Accord,2015,5,16513,61751,Duluth,GA,South,29463,34.0053,-84.1491
3FA6P0H75GR260675,Ford,FusionSE,2016,4,11780,38658,Tampa,FL,South,2804240,27.9942,-82.4451
2C4RDGBG3GR219744,Dodge,Grand,2016,4,17379,22942,Macon,GA,South,152663,32.8065,-83.6974
2G1FT1EW8D9125952,Chevrolet,CamaroCoupe,2013,7,25587,40722,Las Vegas,NV,West,2073045,36.2333,-115.2654
1C4BJWEGXGL221225,Jeep,Wrangler,2016,4,36999,31295,Bellingham,WA,West,126015,48.7543,-122.4687
1C4RJFBGXGC423565,Jeep,Grand,2016,4,29995,42200,Houston,TX,South,5446468,29.7869,-95.3905
4T1BF1FK5DU297914,Toyota,CamrySE,2013,7,15250,30801,Johnson City,TN,South,126589,36.3406,-82.3803
5YFBU4EE9DP162519,Toyota,CorollaLE,2013,7,9991,53892,West Palm Beach,FL,South,110222,26.7469,-80.1316
5N1AT2MV3GC809879,Nissan,RogueSV,2016,4,24950,18039,Harrisonburg,VA,South,74023,38.4362,-78.8735
1GC1KVE85GF197765,Chevrolet,Silverado,2016,4,47532,20064,Gardendale,AL,South,13906,33.6679,-86.8068
1GT120E87FF609511,GMC,Sierra,2015,5,53564,60314,Atmore,AL,South,6368,31.0927,-87.4763
4S4BSANC6H3215612,Subaru,Outback2.5i,2017,3,29390,7908,Ocala,FL,South,164712,29.178,-82.1511
1FTFW1EF3EFC06378,Ford,F-1504WD,2014,6,29995,28163,Valdese,NC,South,4431,35.7565,-81.5632
1G1ZE5ST3HF155981,Chevrolet,MalibuLT,2017,3,18999,11659,Baton Rouge,LA,South,583613,30.4419,-91.131
5XYZU3LA9EG173664,Hyundai,Santa,2014,6,18882,48603,Austin,TX,South,1638716,30.3006,-97.7517
1FT7W2BT5BEA58935,Ford,Super,2011,9,32300,116454,Raytown,MO,Midwest,29211,38.9944,-94.4641
1FADP3L93EL463397,Ford,FocusHatchback,2014,6,17773,25456,White Bear Lake,MN,Midwest,25888,45.0655,-93.015
1N4AL3AP9GC194891,Nissan,Altima2.5,2016,4,17194,10189,Winter Haven,FL,South,245237,28.0118,-81.7017
SALME1D44CA364323,Land,Rover,2012,8,36150,56310,Hardeeville,SC,South,5977,32.295,-81.0318
1VWAP7A37DC024007,Volkswagen,Passat4dr,2013,7,10999,32660,St. George,UT,West,113906,37.077,-113.577
1FTEW1EG2GFC52985,Ford,F-1504WD,2016,4,44375,13404,Springfield,VA,South,30556,38.7809,-77.1839
1C4RJFBG0HC603932,Jeep,Grand,2017,3,37709,7143,Lubbock,TX,South,262505,33.5642,-101.8871
1C4RJECG5EC348523,Jeep,Grand,2014,6,28990,67547,Daytona Beach,FL,South,68055,29.1994,-81.0982
3GTU2VEC6EG446118,GMC,Sierra,2014,6,27898,118352,Mobile,AL,South,318084,30.6782,-88.1163
3VWDZ7AJ4BM322208,Volkswagen,Jetta,2011,9,6999,109349,Chantilly,VA,South,24802,38.8868,-77.4453
5XYKTDA65DG353490,Kia,SorentoLX,2013,7,12348,112524,Pikeville,KY,South,7685,37.4807,-82.5262
19XFB2F54EE270799,Honda,Civic,2014,6,13065,36272,East Stroudsburg,PA,Northeast,56771,41.0023,-75.1779
KNMAT2MV1HP561050,Nissan,RogueSV,2017,3,24685,11,Auburn,AL,South,89577,32.6087,-85.4899
1GCGC23U04F191776,Chevrolet,Silverado,2004,16,12980,144793,Bellflower,CA,West,77772,33.888,-118.1271
1FTFW1EF9GFB13139,Ford,F-1504WD,2016,4,32983,16576,Imlay City,MI,Midwest,3773,43.0169,-83.0765
19XFC2F58HE045772,Honda,Civic,2017,3,18999,2898,Inver Grove Heights,MN,Midwest,35392,44.8247,-93.0596
1N4AL3AP0EC264730,Nissan,Altima2.5,2014,6,11000,63919,Niles,IL,Midwest,29482,42.0279,-87.81
1D7HU16N68J196599,Dodge,Ram,2008,12,18995,42782,Sneads Ferry,NC,South,2910,34.5564,-77.3824
3GCPKTE79CG212430,Chevrolet,Silverado,2012,8,29900,62481,Chehalis,WA,West,7533,46.6637,-122.9647
KNMAT2MT3GP720843,Nissan,RogueSV,2016,4,20888,35401,Joplin,MO,Midwest,86298,37.0759,-94.5006
1C4RJFBG4EC540166,Jeep,Grand,2014,6,28425,36098,Bowling Green,OH,Midwest,32572,41.3773,-83.6501
3GCPCTECXEG426131,Chevrolet,Silverado,2014,6,32580,62102,Savannah,GA,South,280082,32.0281,-81.1785
1GTV2UEH9FZ357624,GMC,Sierra,2015,5,28123,33023,Gainesville,GA,South,156248,34.2902,-83.8303
WMWXM5C57ET934022,MINI,Cooper,2014,6,15500,35279,Portland,OR,West,2052796,45.5371,-122.65
1GC1KXEG6FF532145,Chevrolet,Silverado,2015,5,45000,47968,Union City,GA,South,21370,33.5942,-84.5628
3GCRKSE31AG139163,Chevrolet,Silverado,2010,10,21741,82889,St. Louis,MO,Midwest,2078283,38.6358,-90.2451
KNMAT2MV2FP539569,Nissan,RogueSV,2015,5,18715,22298,Bronx,NY,Northeast,1455720,40.8501,-73.8662
1FTFX1EF7FFA15755,Ford,F-1504WD,2015,5,31862,31786,Kenosha,WI,Midwest,124888,42.5864,-87.8762
2HGFB2F53EH529675,Honda,Civic,2014,6,13585,34723,Corona,CA,West,167836,33.862,-117.5641
2T2BK1BA0AC063357,Lexus,RX,2010,10,19495,79416,Post Falls,ID,West,33290,47.7203,-116.9396
2GNALBEK8E6308797,Chevrolet,EquinoxFWD,2014,6,14250,58749,Birch Run,MI,Midwest,1476,43.2503,-83.7911
2G1FB1E31E9254299,Chevrolet,CamaroCoupe,2014,6,19558,39377,Spring,TX,South,57932,30.0613,-95.383
3GTU2VEJ9EG281311,GMC,Sierra,2014,6,38888,62832,Puyallup,WA,West,41001,47.1794,-122.2902
3GTP1UEH7EG187709,GMC,Sierra,2014,6,27518,54316,Austin,TX,South,1638716,30.3006,-97.7517
3TMCZ5AN7GM034339,Toyota,Tacoma4WD,2016,4,29800,11923,Miami,FL,South,6381966,25.7839,-80.2102
1C4BJWDG6HL521797,Jeep,Wrangler,2017,3,32898,15186,Frisco,TX,South,177286,33.1554,-96.8217
2HGFB2F50DH542138,Honda,Civic,2013,7,11423,48989,Chantilly,VA,South,24802,38.8868,-77.4453
4T1BF1FK7FU029286,Toyota,CamrySE,2015,5,12486,43869,Doral,FL,South,61130,25.8151,-80.3565
KMHDH4AE3FU278206,Hyundai,Elantra4dr,2015,5,11531,54908,Cocoa,FL,South,18532,28.382,-80.7674
2G1FC1E30E9128142,Chevrolet,CamaroCoupe,2014,6,20200,53220,San Jose,CA,West,1821899,37.3021,-121.8489
1FMCU0GX5GUA34843,Ford,EscapeFWD,2016,4,18712,14623,Newport News,VA,South,179388,37.1051,-76.5185
1G1ZE5ST3GF290831,Chevrolet,MalibuLT,2016,4,17990,42881,Goldsboro,NC,South,58972,35.3777,-77.972
1HGCS2B81AA009017,Honda,Accord,2010,10,10995,79324,Brooklyn Center,MN,Midwest,31006,45.0681,-93.3162
3GCUKSEC7FG138584,Chevrolet,Silverado,2015,5,38995,38547,Higginsville,MO,Midwest,4458,39.0652,-93.727
5J6RM4H75FL065416,Honda,CR-VEX-L,2015,5,23471,24465,Des Plaines,IL,Midwest,58193,42.0344,-87.9008
3GTP2VE27CG263778,GMC,Sierra,2012,8,30494,18371,Quakertown,PA,Northeast,8843,40.4398,-75.3456
19XFA1F6XBE006973,Honda,Civic,2011,9,9698,88586,Palatine,IL,Midwest,68644,42.1181,-88.043
1FMCU0GD7HUC87721,Ford,EscapeFWD,2017,3,22980,5575,Columbia,MO,Midwest,139945,38.9477,-92.3255
1FTEW1EG7FKD09557,Ford,F-1504WD,2015,5,42500,21923,Blue Springs,MO,Midwest,54945,39.0123,-94.2722
1FMCU0G94HUB46200,Ford,EscapeFWD,2017,3,17987,30902,Roselle,IL,Midwest,22794,41.9807,-88.0862
1HGCR3F88FA022074,Honda,Accord,2015,5,18999,33832,Ellicott City,MD,South,71737,39.2773,-76.8344
19XFA1F5XAE049151,Honda,Civic,2010,10,8999,87266,Great Falls,MT,West,65624,47.5022,-111.2995
2C4RDGBG6FR640033,Dodge,Grand,2015,5,11888,122823,Milwaukie,OR,West,20801,45.4447,-122.6221
WBA8B9G56HNU50539,BMW,3,2017,3,37999,6793,Mountain View,CA,West,81438,37.4,-122.0796
1HGCR2F33EA278264,Honda,Accord,2014,6,13997,39881,Freehold,NJ,Northeast,11894,40.2596,-74.2755
1HGCR2F3XEA275393,Honda,Accord,2014,6,16477,26600,Freehold,NJ,Northeast,11894,40.2596,-74.2755
1C4RJFBG0HC710415,Jeep,Grand,2017,3,36788,10839,Van Buren,AR,South,23509,35.448,-94.3529
5TFRM5F10EX073845,Toyota,Tundra,2014,6,20995,125944,Amarillo,TX,South,206072,35.1989,-101.831
3VW267AJXGM331048,Volkswagen,Jetta,2016,4,11550,38275,North Plainfield,NJ,Northeast,22060,40.6209,-74.4386
2GNALCEK6H6219465,Chevrolet,EquinoxFWD,2017,3,19995,14798,National City,CA,West,61363,32.6654,-117.0983
2A4RR5DG2BR604377,Chrysler,Town,2011,9,10300,112087,Oakland,CA,West,425195,37.7903,-122.2165
5TFCZ5AN5GX013595,Toyota,Tacoma4WD,2016,4,32829,20696,Fredericksburg,VA,South,164976,38.2992,-77.4872
1FTEW1CP8GKF47065,Ford,F-1502WD,2016,4,29991,16735,Plano,TX,South,286143,33.0502,-96.7487
1FTEW1EG2GFC27083,Ford,F-1504WD,2016,4,35773,27653,Live Oak,FL,South,7040,30.2956,-82.9847
2A8HR54129R529244,Chrysler,Town,2009,11,11395,86068,Jackson,MS,South,338185,32.3163,-90.2124
4T1BF1FK9FU054013,Toyota,CamrySE,2015,5,13991,53789,Lakeland,FL,South,291281,28.0557,-81.9545
1N4AL3AP7FC100960,Nissan,Altima2.5,2015,5,13916,29892,Boone,NC,South,25532,36.2111,-81.6668
1C4RJFAG7DC630668,Jeep,Grand,2013,7,19875,74479,Pueblo,CO,West,142351,38.2713,-104.6105
1GT12ZE86FF522011,GMC,Sierra,2015,5,50991,67827,Canyon,TX,South,15464,34.9877,-101.9179
1C4RJFAG7EC505574,Jeep,Grand,2014,6,21988,23863,Yonkers,NY,Northeast,202019,40.9466,-73.8674
5XYZU3LB9HG402213,Hyundai,Santa,2017,3,21788,39585,Joplin,MO,Midwest,86298,37.0759,-94.5006
3TMAZ5CN0GM018486,Toyota,Tacoma2WD,2016,4,32999,9939,Auburn,AL,South,89577,32.6087,-85.4899
2T2ZZMCA0GC004831,Lexus,RX,2016,4,39900,30513,Carlsbad,CA,West,115330,33.1247,-117.2837
5J6RM3H73EL012710,Honda,CR-VEX-L,2014,6,17198,63331,Delray Beach,FL,South,68749,26.455,-80.0905
2FMDK4JC8EBA09641,Ford,EdgeSEL,2014,6,16500,92198,Massillon,OH,Midwest,32342,40.7839,-81.5256
2CNALPEC4B6245753,Chevrolet,EquinoxFWD,2011,9,11991,76602,St. Petersburg,FL,South,263255,27.793,-82.6652
5XYPGDA54HG211994,Kia,SorentoLX,2017,3,22900,16366,Merrillville,IN,Midwest,34871,41.4728,-87.3197
5TFRY5F14FX182282,Toyota,Tundra,2015,5,28998,28406,La Habra,CA,West,62466,33.9278,-117.9513
3FA6P0HR3DR317906,Ford,FusionSE,2013,7,12365,73449,Huntersville,NC,South,56212,35.4057,-80.8729
2GNFLEEK5E6306903,Chevrolet,EquinoxAWD,2014,6,14989,61035,Victor,NY,Northeast,2717,42.982,-77.4097
5NPE24AF1GH332424,Hyundai,Sonata2.4L,2016,4,12881,40140,Fayetteville,NC,South,324700,35.0846,-78.9776
5XYKT4A65EG548409,Kia,SorentoLX,2014,6,19995,32360,Sherwood,AR,South,31081,34.8509,-92.2029
1FT7W2BT4EEB46623,Ford,Super,2014,6,34755,81649,Bradenton,FL,South,56508,27.49,-82.574
1G1FF1R70H0169308,Chevrolet,CamaroCoupe,2017,3,34995,10295,Thousand Oaks,CA,West,218729,34.1914,-118.8755
1C4RJEBG8HC795059,Jeep,Grand,2017,3,35482,18555,Prattville,AL,South,35498,32.4605,-86.4588
3VWPP7AJ2DM666366,Volkswagen,Jetta,2013,7,11731,68090,Seattle,WA,West,3643765,47.6211,-122.3244
1GC1KXC83EF169264,Chevrolet,Silverado,2014,6,42105,66849,Warsaw,IN,Midwest,32813,41.2443,-85.8478
1HGCR3F86DA013743,Honda,Accord,2013,7,17396,26290,Murrysville,PA,Northeast,19800,40.4456,-79.6555
1FTBF2A66FED37533,Ford,Super,2015,5,23996,35125,Channahon,IL,Midwest,12805,41.4211,-88.2593
5J6RM4H74GL056482,Honda,CR-VEX-L,2016,4,24796,30038,Cincinnati,OH,Midwest,1648254,39.1412,-84.506
1G1ZE5STXHF105322,Chevrolet,MalibuLT,2017,3,17233,28388,Fort Worth,TX,South,874168,32.7812,-97.3472
1GCVKREH2FZ375220,Chevrolet,Silverado,2015,5,28390,21975,Glendale Heights,IL,Midwest,34058,41.9196,-88.0785
1G1ZE5ST7HF131781,Chevrolet,MalibuLT,2017,3,17233,27657,Indianapolis,IN,Midwest,1564699,39.7771,-86.1458
WBA8F1C58HK439359,BMW,3,2017,3,41977,7051,San Rafael,CA,West,59070,37.9904,-122.5222
1VWBP7A39CC048456,Volkswagen,Passat4dr,2012,8,9000,93397,Punta Gorda,FL,South,19761,26.8934,-82.0516
1FADP3L92EL310025,Ford,FocusHatchback,2014,6,16500,51395,Annapolis,MD,South,39321,38.9706,-76.5047
5XYZTDLB2HG430086,Hyundai,Santa,2017,3,18679,36555,Woburn,MA,Northeast,39701,42.4869,-71.1543
4S4BRBAC9D3324180,Subaru,Outback2.5i,2013,7,14999,97529,Mount Airy,NC,South,19164,36.5083,-80.6155
3GTU2WE29CG228491,GMC,Sierra,2012,8,26987,97535,Greeley,CO,West,133750,40.4151,-104.7705
1N4AL3AP9GN305072,Nissan,Altima2.5,2016,4,18995,24022,Honolulu,HI,West,833671,21.3294,-157.846
2G1FF1E39E9125649,Chevrolet,CamaroCoupe,2014,6,17395,70898,Santa Paula,CA,West,30747,34.3521,-119.0698
3GCUKSEC8EG334578,Chevrolet,Silverado,2014,6,26997,114286,Devils Lake,ND,Midwest,7602,48.1131,-98.8753
1FTFW1EG4GFC85586,Ford,F-1504WD,2016,4,32589,15529,Oklahoma City,OK,South,955998,35.4676,-97.5137
2G1FT1EW4D9242170,Chevrolet,CamaroCoupe,2013,7,25991,44568,Fort Pierce,FL,South,45581,27.4256,-80.343
1FADP3F23EL351570,Ford,FocusSedan,2014,6,10465,55016,Greenville,NC,South,128385,35.5956,-77.3768
2GNALAEK1F1138873,Chevrolet,EquinoxFWD,2015,5,14980,31137,Katy,TX,South,18282,29.7905,-95.8353
WBAPH5G5XBNM75664,BMW,3,2011,9,12495,66601,Virginia Beach,VA,South,1480383,36.7335,-76.0435
5XYKT4A69EG483032,Kia,SorentoLX,2014,6,14350,55961,Emmaus,PA,Northeast,11454,40.5352,-75.4978
4S4BRCAC8E3292250,Subaru,Outback2.5i,2014,6,19991,41270,McKinney,TX,South,235134,33.2016,-96.6669
2FMTK4J96FBB00599,Ford,EdgeSEL,2015,5,24870,34283,Garner,NC,South,28858,35.6938,-78.6199
5TFDW5F16EX390162,Toyota,Tundra,2014,6,35995,24613,Suffolk,VA,South,90237,36.6953,-76.6398
3GCPKTE72DG130816,Chevrolet,Silverado,2013,7,23980,135148,Abilene,TX,South,114964,32.4543,-99.7384
4T1BF1FK7FU115777,Toyota,CamrySE,2015,5,15486,36555,Springville,UT,West,33294,40.1638,-111.6206
1FTSW31P76EA38132,Ford,Super,2006,14,24300,183457,Greensboro,NC,South,335588,36.0956,-79.8268
5TFAX5GN6GX066701,Toyota,Tacoma2WD,2016,4,23862,15382,Deerfield Beach,FL,South,80571,26.3049,-80.1277
1FMCU93Z78KE30717,Ford,Escape4WD,2008,12,5599,114966,Timonium,MD,South,10548,39.4463,-76.6083
2HGFB2F59EH544648,Honda,Civic,2014,6,13975,51079,Cincinnati,OH,Midwest,1648254,39.1412,-84.506
2HGFG3B58DH528520,Honda,Civic,2013,7,12781,55752,Montgomery,AL,South,255908,32.3473,-86.2666
1FADP3K27GL372737,Ford,FocusHatchback,2016,4,16900,3267,Phoenix,AZ,West,4081849,33.5722,-112.0891
2HGFG3B81FH523379,Honda,Civic,2015,5,15997,12617,Harrisonburg,VA,South,74023,38.4362,-78.8735
1C4BJWEG4GL225075,Jeep,Wrangler,2016,4,38999,15047,Manteca,CA,West,98736,37.7934,-121.2266
2GNALAEK3F6353187,Chevrolet,EquinoxFWD,2015,5,15846,26489,Winter Haven,FL,South,245237,28.0118,-81.7017
1HGFA16887L055039,Honda,Civic,2007,13,4990,147915,Crystal Lake,IL,Midwest,40421,42.2332,-88.3349
1FTFW1CT1EKD39477,Ford,F-1502WD,2014,6,31500,47244,Long Beach,CA,West,469450,33.798,-118.1675
KMHDU4AD3AU904879,Hyundai,Elantra4dr,2010,10,5500,93404,Calumet City,IL,Midwest,36633,41.6134,-87.5505
KM8SMDHF8HU225361,Hyundai,Santa,2017,3,25999,24129,Lindon,UT,West,10968,40.3414,-111.7188
5TFDY5F10FX441232,Toyota,Tundra,2015,5,39194,24494,Fairbanks,AK,West,64732,64.8353,-147.6534
1G1ZE5ST7HF110462,Chevrolet,MalibuLT,2017,3,17933,24860,Nanuet,NY,Northeast,18312,41.0957,-74.0155
WBAFR7C57BC604675,BMW,5,2011,9,14900,70944,San Jose,CA,West,1821899,37.3021,-121.8489
1FTEX1EM2EFC90927,Ford,F-1504WD,2014,6,24790,42139,Kennesaw,GA,South,34344,34.0262,-84.6177
4T1BF1FK0GU524639,Toyota,CamrySE,2016,4,15995,45455,Cedar Park,TX,South,75704,30.5105,-97.8197
2T3BFREV2FW317847,Toyota,RAV44X4,2015,5,15999,37164,Orlando,FL,South,1776841,28.4772,-81.3369
1GCUKREC1GF177280,Chevrolet,Silverado,2016,4,37995,23670,Missoula,MT,West,90218,46.8685,-114.0095
3VW2K7AJ5EM233876,Volkswagen,Jetta,2014,6,10590,29190,Vista,CA,West,101568,33.1896,-117.2386
1N4AL3AP5FN330971,Nissan,Altima2.5,2015,5,13405,40432,Nashville,TN,South,1076645,36.1715,-86.7843
1N4AL3AP0EN236799,Nissan,Altima2.5,2014,6,13888,59252,Hillsboro,OR,West,106894,45.5272,-122.936
1C4RJFAG8EC534095,Jeep,Grand,2014,6,22475,35395,West Palm Beach,FL,South,110222,26.7469,-80.1316
1HGCR2F38EA242022,Honda,Accord,2014,6,13900,32297,Elizabeth,NJ,Northeast,130215,40.6657,-74.1912
5TFEY5F11FX176793,Toyota,Tundra,2015,5,32239,36581,Claremont,CA,West,36015,34.1259,-117.7153
3GCUKREC6GG263702,Chevrolet,Silverado,2016,4,35999,20392,Fresno,CA,West,698021,36.7831,-119.7941
2GNALCEK1H6251028,Chevrolet,EquinoxFWD,2017,3,20800,18359,San Diego,CA,West,3210314,32.8312,-117.1225
1G1ZE5ST4HF175219,Chevrolet,MalibuLT,2017,3,17933,20145,Houston,TX,South,5446468,29.7869,-95.3905
1HGEM22695L004949,Honda,Civic,2005,15,7490,71593,Boulder,CO,West,126054,40.0249,-105.2523
2CNALDEC4B6243760,Chevrolet,EquinoxFWD,2011,9,11394,92750,Zanesville,OH,Midwest,41969,39.9567,-82.0133
3TMAZ5CN5GM006107,Toyota,Tacoma2WD,2016,4,31988,20279,Odessa,TX,South,147810,31.8831,-102.3406
2HKRM3H76EH531938,Honda,CR-VEX-L,2014,6,19995,49000,Austin,TX,South,1638716,30.3006,-97.7517
KM8SMDHFXHU210148,Hyundai,Santa,2017,3,25499,10049,West Park,FL,South,15153,25.984,-80.1923
1GCRCSE02DZ357183,Chevrolet,Silverado,2013,7,23407,66021,Beaumont,TX,South,148954,30.085,-94.1451
1HGCT1B87FA008341,Honda,Accord,2015,5,19900,39052,McKinney,TX,South,235134,33.2016,-96.6669
3FA6P0H74GR207465,Ford,FusionSE,2016,4,11991,37497,Garden Grove,CA,West,174226,33.7787,-117.9601
3GTRCUEA9AG224095,GMC,Sierra,2010,10,18000,87915,Carrollton,TX,South,135710,32.989,-96.8999
WMWMF33598TT64790,MINI,Cooper,2008,12,7700,83669,Sacramento,CA,West,1854698,38.5667,-121.4683
1FTFW1ETXEKD32301,Ford,F-1504WD,2014,6,37741,25773,Olive Branch,MS,South,37435,34.961,-89.8469
3GCEK23379G230659,Chevrolet,Silverado,2009,11,19054,88983,Warrensburg,MO,Midwest,22136,38.7619,-93.7277
1FTEW1EF1GKE05967,Ford,F-1504WD,2016,4,30974,29157,Carrollton,TX,South,135710,32.989,-96.8999
1GCSKSE30AZ131931,Chevrolet,Silverado,2010,10,19995,80348,Portsmouth,NH,Northeast,92513,43.058,-70.7826
2C4RDGBG7DR515829,Dodge,Grand,2013,7,11442,68865,Richardson,TX,South,116783,32.9717,-96.7092
4T1BF1FK7HU286595,Toyota,CamrySE,2017,3,20914,14027,Winston-Salem,NC,South,416581,36.1029,-80.261
3VWBX7AJ8BM368668,Volkswagen,Jetta,2011,9,5491,83823,Hollywood,FL,South,153627,26.0294,-80.1679
2HGFB2F97FH512866,Honda,Civic,2015,5,14200,78154,Round Rock,TX,South,123678,30.5254,-97.6659
1HGCR2F39HA221684,Honda,Accord,2017,3,18995,1233,Brooklyn Center,MN,Midwest,31006,45.0681,-93.3162
3GCPKSE73CG224373,Chevrolet,Silverado,2012,8,26990,77048,Vista,CA,West,101568,33.1896,-117.2386
2C4RDGBG8ER130930,Dodge,Grand,2014,6,14950,41096,Redmond,WA,West,64291,47.6762,-122.1169
3GCUKNEC1GG123341,Chevrolet,Silverado,2016,4,33595,28367,Chester,VA,South,21957,37.3531,-77.4342
5TFAZ5CN5GX016579,Toyota,Tacoma2WD,2016,4,35199,29034,Daytona Beach,FL,South,68055,29.1994,-81.0982
2G1FH1EJ1F9302026,Chevrolet,CamaroCoupe,2015,5,27910,34643,McKinney,TX,South,235134,33.2016,-96.6669
1VWBH7A39CC108510,Volkswagen,Passat4dr,2012,8,14695,36618,Las Vegas,NV,West,2073045,36.2333,-115.2654
19XFB2F57EE075019,Honda,Civic,2014,6,11990,37261,Pittsburg,CA,West,72141,38.0185,-121.897
1HGCP26348A141294,Honda,Accord,2008,12,6774,145464,Hollywood,FL,South,153627,26.0294,-80.1679
1FMCU0G7XFUC60472,Ford,EscapeFWD,2015,5,16955,27484,Buffalo,MN,Midwest,16744,45.1794,-93.8644
2HGFG3B59CH557328,Honda,Civic,2012,8,9695,76766,Tuscaloosa,AL,South,154204,33.2348,-87.5266
1FTFW1EF7FKE12117,Ford,F-1504WD,2015,5,38997,27270,Fond du Lac,WI,Midwest,54629,43.7718,-88.4397
1FM5K7D80FGC34854,Ford,ExplorerXLT,2015,5,25754,21543,Orlando,FL,South,1776841,28.4772,-81.3369
1GC1KVEY5HF101506,Chevrolet,Silverado,2017,3,53258,2500,Flagstaff,AZ,West,78628,35.1872,-111.6195
1FMCU0GX4FUA91095,Ford,EscapeFWD,2015,5,15999,47364,El Paso,TX,South,845674,31.8479,-106.4309
2HKRM3H73EH539785,Honda,CR-VEX-L,2014,6,19995,43086,El Paso,TX,South,845674,31.8479,-106.4309
1HGCM56736A064573,Honda,Accord,2006,14,7950,108185,Waterbury,CT,Northeast,191484,41.5583,-73.0361
5XYZTDLB0GG368671,Hyundai,Santa,2016,4,17800,41000,Reading,PA,Northeast,267300,40.34,-75.9267
5YFBURHE7GP415799,Toyota,CorollaLE,2016,4,14470,25156,Denison,TX,South,24380,33.7672,-96.5807
3TMJU4GN0FM175596,Toyota,Tacoma2WD,2015,5,27192,12744,Panama City,FL,South,145239,30.1995,-85.6003
5TFHW5F13FX431317,Toyota,Tundra,2015,5,37266,66918,Dothan,AL,South,71620,31.2335,-85.4068
1FADP3F24GL245969,Ford,FocusSedan,2016,4,14980,6801,Albuquerque,NM,West,758523,35.1053,-106.6464
JTHBE1D21E5001744,Lexus,IS,2014,6,27950,22946,Carrollton,TX,South,135710,32.989,-96.8999
2HKRM3H72GH535441,Honda,CR-VEX-L,2016,4,23900,22388,Gilroy,CA,West,116235,37.0047,-121.5856
1FTWW33P96EC61903,Ford,Super,2006,14,20994,130798,London,OH,Midwest,14597,39.8936,-83.4375
1GTV2UEH1EZ114775,GMC,Sierra,2014,6,28497,19440,Fond du Lac,WI,Midwest,54629,43.7718,-88.4397
1HGCR2F7XHA171736,Honda,Accord,2017,3,23250,15848,Humble,TX,South,15997,29.9921,-95.2655
1GTEK19BX5E197036,GMC,Sierra,2005,15,14391,113957,Norfolk,VA,South,244703,36.8945,-76.259
WBA5A7C52ED612636,BMW,5,2014,6,25958,39020,Kansas City,MO,Midwest,1615621,39.1239,-94.5541
WBA3A5C54EP602829,BMW,3,2014,6,22431,15779,Pompano Beach,FL,South,110473,26.2428,-80.1312
5XYPGDA50HG210602,Kia,SorentoLX,2017,3,21255,33800,Akron,OH,Midwest,565920,41.0798,-81.5219
WBAPL5C59BA918060,BMW,3,2011,9,17885,69487,Des Plaines,IL,Midwest,58193,42.0344,-87.9008
2C4RC1BG3GR293990,Chrysler,Town,2016,4,19550,52462,Ypsilanti,MI,Midwest,21076,42.2437,-83.6205
WMWXU1C50G2D11569,MINI,Cooper,2016,4,21900,2865,Concord,CA,West,654770,37.9722,-122.0016
1HGCR2F34EA174947,Honda,Accord,2014,6,16000,32580,Pasadena,CA,West,142647,34.1597,-118.139
JTHBW1GG0E2045997,Lexus,ES,2014,6,22991,59914,Houston,TX,South,5446468,29.7869,-95.3905
1GB3CZCG8DF227509,Chevrolet,Silverado,2013,7,29995,23388,Merrillville,IN,Midwest,34871,41.4728,-87.3197
1HGCR2F87FA151529,Honda,Accord,2015,5,18995,30483,Orlando,FL,South,1776841,28.4772,-81.3369
1C4RJFBG7EC568558,Jeep,Grand,2014,6,25391,42925,Little Ferry,NJ,Northeast,11000,40.8463,-74.0388
2T2BZMCA8GC007350,Lexus,RX,2016,4,46412,17277,Lakewood,CO,West,154958,39.6977,-105.1168
3FA6P0HD6ER118726,Ford,FusionSE,2014,6,10988,104094,Englewood,CO,West,34407,39.6468,-104.9942
SALME11455A193928,Land,Rover,2005,15,7995,106750,Houston,TX,South,5446468,29.7869,-95.3905
1C4BJWDG5GL249354,Jeep,Wrangler,2016,4,36910,14991,McKinney,TX,South,235134,33.2016,-96.6669
3GCUKRECXEG390093,Chevrolet,Silverado,2014,6,25803,72504,Van Wert,OH,Midwest,10557,40.8653,-84.5873
WBAFR1C55BC747301,BMW,5,2011,9,17986,47247,Miami Gardens,FL,South,113750,25.9433,-80.2426
JTHBF1D20F5053431,Lexus,IS,2015,5,30995,21967,Richmond,VA,South,1059907,37.5295,-77.4756
2T2GK31U17C018496,Lexus,RX,2007,13,16988,46479,Estero,FL,South,33048,26.4277,-81.7951
1FTEW1EGXFKE08454,Ford,F-1504WD,2015,5,44035,16802,Corpus Christi,TX,South,341435,27.7261,-97.3755
3D7KS28A88G146106,Dodge,Ram,2008,12,29991,65842,Purcell,OK,South,7521,35.018,-97.3747
4T1BF1FK3EU473537,Toyota,CamrySE,2014,6,16944,18923,Wilmington,NC,South,245910,34.2101,-77.886
3VWD07AJ6EM429033,Volkswagen,Jetta,2014,6,9999,20813,Tampa,FL,South,2804240,27.9942,-82.4451
1HGCR2F35FA039610,Honda,Accord,2015,5,15995,44998,Houston,TX,South,5446468,29.7869,-95.3905
JTHBA1D27G5024542,Lexus,IS,2016,4,29488,14460,Miami,FL,South,6381966,25.7839,-80.2102
1N4AL3AP6GC131456,Nissan,Altima2.5,2016,4,20419,6700,Chattanooga,TN,South,407182,35.0657,-85.2487
3TMLU4EN8CM089248,Toyota,Tacoma4WD,2012,8,26995,39546,Collinsville,IL,Midwest,24703,38.6769,-90.0059
4T1BE32K64U800645,Toyota,Camry4dr,2004,16,4995,161185,Arlington,TX,South,396394,32.6998,-97.1251
1HGCP26878A118863,Honda,Accord,2008,12,11888,78618,Milwaukie,OR,West,20801,45.4447,-122.6221
5YFBU4EE6DP147833,Toyota,CorollaLE,2013,7,7711,114660,Norman,OK,South,115065,35.2335,-97.3471
1C4RJFBG5EC362199,Jeep,Grand,2014,6,26690,43515,Fredericksburg,VA,South,164976,38.2992,-77.4872
1G1BE5SM6H7167840,Chevrolet,CruzeSedan,2017,3,16697,10304,Dallas,TX,South,5733259,32.7936,-96.7662
2C4RC1CG1DR610451,Chrysler,Town,2013,7,15900,80234,Harrison,AR,South,14096,36.2438,-93.1198
JTHBF1D23F5063080,Lexus,IS,2015,5,23981,22918,Wesley Chapel,FL,South,53414,28.2106,-82.3238
3GTRKVE39AG198690,GMC,Sierra,2010,10,18995,176085,Coeur d'Alene,ID,West,112935,47.704,-116.7933
1HGCR2F54HA040249,Honda,Accord,2017,3,20990,22569,Beavercreek,OH,Midwest,46948,39.731,-84.0624
3GCUKSEC3EG335895,Chevrolet,Silverado,2014,6,39995,36995,Missoula,MT,West,90218,46.8685,-114.0095
JTHBF1D27E5025026,Lexus,IS,2014,6,22930,39550,Buford,GA,South,14868,34.1187,-83.9915
WMWRF33547TG17702,MINI,Cooper,2007,13,5950,116782,Savannah,GA,South,280082,32.0281,-81.1785
1FTEW1CM0EKF37018,Ford,F-1502WD,2014,6,26863,52187,Pauls Valley,OK,South,5817,34.7236,-97.2291
1VWAT7A3XFC002825,Volkswagen,Passat4dr,2015,5,15995,18615,Cincinnati,OH,Midwest,1648254,39.1412,-84.506
WMWZB3C53EWR41986,MINI,Cooper,2014,6,16999,13461,Marietta,GA,South,61048,33.9532,-84.5422
4T1BE46K87U705606,Toyota,Camry4dr,2007,13,6989,134213,Orlando,FL,South,1776841,28.4772,-81.3369
2GNALDEK9E6157240,Chevrolet,EquinoxFWD,2014,6,20350,20720,Cocoa,FL,South,18532,28.382,-80.7674
2T2BK1BAXFC303375,Lexus,RX,2015,5,34495,24502,Akron,OH,Midwest,565920,41.0798,-81.5219
4T1BE46K47U188546,Toyota,Camry4dr,2007,13,9988,60199,Raleigh,NC,South,1018336,35.8324,-78.6438
SALSK25478A160238,Land,Rover,2008,12,13500,128816,Marietta,GA,South,61048,33.9532,-84.5422
SALSK25438A165758,Land,Rover,2008,12,16995,63606,Hayward,CA,West,160500,37.6328,-122.0772
JTHBJ46G172044281,Lexus,ES,2007,13,8995,134640,Sacramento,CA,West,1854698,38.5667,-121.4683
2GNFLHE37E6231535,Chevrolet,EquinoxAWD,2014,6,21994,36345,Rock Springs,WY,West,26710,41.5951,-109.2237
5TFAW5F13HX586762,Toyota,Tundra,2017,3,49991,13202,San Antonio,TX,South,2002530,29.4658,-98.5254
1FTWW33R68EB53761,Ford,Super,2008,12,24874,82317,Pinconning,MI,Midwest,1249,43.8573,-83.9638
1GC1KYC84EF185348,Chevrolet,Silverado,2014,6,34995,152228,Houston,TX,South,5446468,29.7869,-95.3905
1FMCU0GD2HUA13892,Ford,EscapeFWD,2017,3,20641,29089,Boerne,TX,South,16050,29.7844,-98.7289
1FADP3K26FL329117,Ford,FocusHatchback,2015,5,10999,47546,Reno,NV,West,433271,39.5497,-119.8483
1VWAT7A3XEC078155,Volkswagen,Passat4dr,2014,6,10984,64109,Hanford,CA,West,92066,36.3264,-119.6544
4T1BF1FK1FU498180,Toyota,CamrySE,2015,5,17350,25505,Milwaukee,WI,Midwest,1377808,43.0642,-87.9673
2GNALBEK8C6180980,Chevrolet,EquinoxFWD,2012,8,8500,117114,Bronx,NY,Northeast,1455720,40.8501,-73.8662
2GNALCEK4G1107615,Chevrolet,EquinoxFWD,2016,4,19995,13697,Spencerport,NY,Northeast,3659,43.1882,-77.8069
4S4BSAFC1H3292189,Subaru,Outback2.5i,2017,3,27550,9098,Tampa,FL,South,2804240,27.9942,-82.4451
1FTFX1EF2EFA82925,Ford,F-1504WD,2014,6,21995,75215,Boise,ID,West,385218,43.6007,-116.2312
1FM5K7D81EGC32853,Ford,ExplorerXLT,2014,6,24988,32704,Maitland,FL,South,17554,28.6295,-81.3718
1VWBT7A35FC057364,Volkswagen,Passat4dr,2015,5,15909,28213,Naperville,IL,Midwest,147682,41.7483,-88.1657
JTHBJ46G192317545,Lexus,ES,2009,11,15998,55304,Pembroke Pines,FL,South,170712,26.0128,-80.3382
2T1BURHE4FC426774,Toyota,CorollaLE,2015,5,16888,11205,Greenvale,NY,Northeast,1640,40.8118,-73.6262
2T1BU4EE2DC128356,Toyota,CorollaLE,2013,7,10994,31505,Holiday,FL,South,20745,28.1864,-82.7429
WBA3A5G56DNP21826,BMW,3,2013,7,21500,30146,Berkeley,CA,West,122324,37.8723,-122.276
1FTRF12215NB73448,Ford,F-1502WD,2005,15,7990,115081,Rockford,IL,Midwest,285562,42.2598,-89.0641
3VWPF71K46M801393,Volkswagen,Jetta,2006,14,5595,101592,Wilmington,NC,South,245910,34.2101,-77.886
1FTFW1CF4EFC83408,Ford,F-1502WD,2014,6,28985,29151,Fayetteville,NC,South,324700,35.0846,-78.9776
5XYZT3LB3HG451359,Hyundai,Santa,2017,3,19187,22815,Vero Beach,FL,South,16919,27.6463,-80.393
1G1ZE5STXHF133234,Chevrolet,MalibuLT,2017,3,16733,35598,Lakewood,WA,West,60296,47.1628,-122.5299
1FA6P0H76E5406713,Ford,FusionSE,2014,6,14609,36309,Bedford,IN,Midwest,14845,38.8602,-86.4895
1FADP3K25EL355593,Ford,FocusHatchback,2014,6,11877,30361,Peoria,AZ,West,168181,33.7844,-112.299
WBAPN7C54BA948184,BMW,3,2011,9,17998,61483,Austin,TX,South,1638716,30.3006,-97.7517
1FTRF12297KD46511,Ford,F-1502WD,2007,13,9999,84422,Puyallup,WA,West,41001,47.1794,-122.2902
3GCEC13J58G298799,Chevrolet,Silverado,2008,12,16750,96111,Ardmore,OK,South,21315,34.1943,-97.1253
1HGCP36879A015840,Honda,Accord,2009,11,10672,108387,Newport,NC,South,4617,34.772,-76.8771
4T1BF1FK9GU608488,Toyota,CamrySE,2016,4,16994,24555,Irving,TX,South,240373,32.8584,-96.9702
1FADP3F25GL294601,Ford,FocusSedan,2016,4,12452,47970,Avondale,AZ,West,217192,33.3858,-112.3236
JTHBF1D28E5009272,Lexus,IS,2014,6,23900,70235,Lubbock,TX,South,262505,33.5642,-101.8871
3GCUKSEC0FG518270,Chevrolet,Silverado,2015,5,38294,17941,Pikeville,KY,South,7685,37.4807,-82.5262
1HGCR2F84FA121386,Honda,Accord,2015,5,17500,42356,Peoria,AZ,West,168181,33.7844,-112.299
1GT125C84BF205379,GMC,Sierra,2011,9,35695,141430,Chillicothe,OH,Midwest,31671,39.3393,-82.9937
2HGFG3B83FH502274,Honda,Civic,2015,5,15975,20539,Beaverton,OR,West,97514,45.4779,-122.8168
1GCVKREH4FZ237890,Chevrolet,Silverado,2015,5,27410,44928,Denver,CO,West,2787266,39.7621,-104.8759
1FA6P0H71F5109995,Ford,FusionSE,2015,5,14295,64848,Parma,OH,Midwest,79167,41.3843,-81.7286
1HGCR2F82FA022940,Honda,Accord,2015,5,18400,20794,Winnsboro,LA,South,5078,32.1651,-91.721
2T1BURHE4GC533499,Toyota,CorollaLE,2016,4,13990,20206,Doral,FL,South,61130,25.8151,-80.3565
1HGCT2B88FA009374,Honda,Accord,2015,5,19900,34791,Fredericksburg,VA,South,164976,38.2992,-77.4872
2G1FD1E31F9184587,Chevrolet,CamaroCoupe,2015,5,19000,17713,Austin,TX,South,1638716,30.3006,-97.7517
3D7HU18N92G138153,Dodge,Ram,2002,18,8999,111146,Thornton,CO,West,136978,39.9205,-104.9443
2HGFB2F54EH537879,Honda,Civic,2014,6,14998,12684,New Castle,PA,Northeast,39742,40.9956,-80.3458
19XFB2F51EE238425,Honda,Civic,2014,6,11900,91693,Baltimore,MD,South,2170504,39.3051,-76.6144
3GTP2VE71CG225782,GMC,Sierra,2012,8,23988,69965,Grandville,MI,Midwest,15970,42.9003,-85.7564
JTMBFREV5FD134147,Toyota,RAV44X4,2015,5,18526,30192,Chicago,IL,Midwest,8675982,41.8373,-87.6862
5NPE24AF9GH336379,Hyundai,Sonata2.4L,2016,4,14549,40282,New Orleans,LA,South,1029123,30.0687,-89.9288
3FA6P0HR2DR220731,Ford,FusionSE,2013,7,10998,89693,Florence,KY,South,32305,38.99,-84.6471
2GNALPEK5D1175263,Chevrolet,EquinoxFWD,2013,7,14435,79903,Manchester,TN,South,11987,35.463,-86.0774
1FTFW1ET5EKE65032,Ford,F-1504WD,2014,6,35359,27547,Peoria,AZ,West,168181,33.7844,-112.299
2T2ZK1BAXFC159213,Lexus,RX,2015,5,32869,36389,Merriam,KS,Midwest,11212,39.0186,-94.6933
1FT7W2BT5FEA39470,Ford,Super,2015,5,48901,68717,Pauls Valley,OK,South,5817,34.7236,-97.2291
WBA3B9C53EP458999,BMW,3,2014,6,26995,59933,Great Neck,NY,Northeast,10303,40.8029,-73.7332
1HGCR2F37DA126308,Honda,Accord,2013,7,12995,92576,Garden Grove,CA,West,174226,33.7787,-117.9601
1FM5K7D81DGA24292,Ford,ExplorerXLT,2013,7,17000,95487,Jacksonville,NC,South,108872,34.7287,-77.394
2FMPK3J91GBB89706,Ford,EdgeSEL,2016,4,19999,6178,Orlando,FL,South,1776841,28.4772,-81.3369
3GCUKSEC3FG188351,Chevrolet,Silverado,2015,5,37990,46582,Fayetteville,NC,South,324700,35.0846,-78.9776
2C4RC1BG0FR730701,Chrysler,Town,2015,5,18499,40923,Sierra Vista,AZ,West,51571,31.563,-110.3153
1GT424E85FF110291,GMC,Sierra,2015,5,52998,61404,Grand Junction,CO,West,136688,39.0877,-108.5673
1FTWW33P05EC92018,Ford,Super,2005,15,19358,116907,Greeley,CO,West,133750,40.4151,-104.7705
1FTEW1EF7GKE97926,Ford,F-1504WD,2016,4,34995,26200,Loveland,CO,West,76701,40.4167,-105.0622
WBA5A5C56FD513680,BMW,5,2015,5,22499,57987,Miami Gardens,FL,South,113750,25.9433,-80.2426
1GCVKREC2GZ126518,Chevrolet,Silverado,2016,4,32890,23245,Oklahoma City,OK,South,955998,35.4676,-97.5137
1C4BJWFG1DL512111,Jeep,Wrangler,2013,7,34375,55260,Arlington,WA,West,19212,48.1697,-122.1446
KNMAT2MT6FP573612,Nissan,RogueSV,2015,5,14986,25215,Bradenton,FL,South,56508,27.49,-82.574
1FTRW08LX3KC90809,Ford,F-1504WD,2003,17,10995,182382,Butte,MT,West,30628,45.902,-112.6571
3FA6P0H7XER379268,Ford,FusionSE,2014,6,11800,70779,Bullhead City,AZ,West,49531,35.1205,-114.546
1GTV2UEH4EZ107237,GMC,Sierra,2014,6,22900,82501,Round Rock,TX,South,123678,30.5254,-97.6659
1FT8W3DT1GEC02009,Ford,Super,2016,4,61988,17574,Little Rock,AR,South,442699,34.7255,-92.358
2GNALBEK1C1124702,Chevrolet,EquinoxFWD,2012,8,9995,114110,Fort Payne,AL,South,7048,34.4558,-85.6966
1C4RJFCG9EC587465,Jeep,Grand,2014,6,28900,34174,Chantilly,VA,South,24802,38.8868,-77.4453
1GCRCREH1GZ366315,Chevrolet,Silverado,2016,4,31900,21385,Jacksonville,AR,South,28513,34.8807,-92.1302
1G1FH1R75G0135180,Chevrolet,CamaroCoupe,2016,4,36999,15104,Baird,TX,South,1504,32.396,-99.3962
2HKRM4H75EH684672,Honda,CR-VEX-L,2014,6,18987,50684,Frederick,MD,South,154972,39.4336,-77.4157
2FMDK4JC2EBA94752,Ford,EdgeSEL,2014,6,19995,70370,Grand Rapids,MI,Midwest,602694,42.9615,-85.6557
1C4HJWDGXFL539940,Jeep,Wrangler,2015,5,29475,33356,Woodland,CA,West,60062,38.6712,-121.75
3GCUKREHXFG230101,Chevrolet,Silverado,2015,5,28500,24221,Plainfield,IN,Midwest,32865,39.6956,-86.3708
1GTHK236X8F227049,GMC,Sierra,2008,12,31985,53255,Slidell,LA,South,93882,30.2881,-89.7826
2C4RC1CGXER466979,Chrysler,Town,2014,6,21725,37484,Columbia,MO,Midwest,139945,38.9477,-92.3255
1HGCG3259YA026008,Honda,Accord,2000,20,4699,159015,Shoreline,WA,West,56189,47.7564,-122.3426
WBAWR33517PX79058,BMW,3,2007,13,15988,44130,Cypress,CA,West,49064,33.8171,-118.0386
1C4RJFAG2HC781794,Jeep,Grand,2017,3,38280,92,Fayetteville,NC,South,324700,35.0846,-78.9776
5XYZU3LB8DG115293,Hyundai,Santa,2013,7,13488,73092,Glenview,IL,Midwest,47659,42.0825,-87.8216
5XXGT4L39GG014491,Kia,OptimaLX,2016,4,15900,17762,Port Charlotte,FL,South,59654,26.9918,-82.114
JTHBK1GG7D2073161,Lexus,ES,2013,7,22985,64944,Columbus,OH,Midwest,1528314,39.986,-82.9851
4T1BF3EK1AU100620,Toyota,Camry4dr,2010,10,8795,84865,Riverdale,NJ,Northeast,4247,40.9921,-74.3125
1FTSW21R08ED67608,Ford,Super,2008,12,31245,52105,Collins,MS,South,2481,31.6469,-89.5669
1C4RJFAG0FC190280,Jeep,Grand,2015,5,25985,9465,Dublin,OH,Midwest,47619,40.1112,-83.1453
5J6RM3H79DL022530,Honda,CR-VEX-L,2013,7,17883,41924,Leesburg,FL,South,148161,28.7658,-81.8995
KNAGM4A77D5418499,Kia,OptimaLX,2013,7,10994,65497,Leesburg,GA,South,3765,31.7325,-84.1687
3VWD17AJ6EM443947,Volkswagen,Jetta,2014,6,11899,39788,Gardena,CA,West,60224,33.8944,-118.3073
1GTR1VEC9EZ413235,GMC,Sierra,2014,6,26980,68770,Augusta,ME,Northeast,21994,44.3341,-69.7319
2GKALMEK5E6200470,GMC,TerrainFWD,2014,6,16333,45247,Tulsa,OK,South,672054,36.1284,-95.9043
19XFB2E54FE062490,Honda,Civic,2015,5,15495,32440,Ardmore,PA,Northeast,13193,40.0032,-75.2947
3D7MS48C25G778181,Dodge,Ram,2005,15,24997,145702,Columbia,KY,South,5019,37.1037,-85.3073
2CTALSEC6B6429944,GMC,TerrainFWD,2011,9,9000,157228,Brooksville,FL,South,8147,28.5405,-82.3903
WBAVC57588NK77972,BMW,3,2008,12,6995,111116,Detroit,MI,Midwest,3522206,42.3834,-83.1024
5XXGM4A78FG378113,Kia,OptimaLX,2015,5,13195,31530,Rochester,NY,Northeast,711998,43.168,-77.6162
1FADP3F22EL271242,Ford,FocusSedan,2014,6,12499,27881,Mesa,AZ,West,496401,33.4017,-111.7181
2T2ZK1BA0FC156658,Lexus,RX,2015,5,31995,49598,Friendswood,TX,South,39839,29.5112,-95.1979
1FADP3F21FL214340,Ford,FocusSedan,2015,5,11341,27907,Charlotte,NC,South,1467362,35.2079,-80.8304
1C4RJFAG9GC404328,Jeep,Grand,2016,4,23699,28246,Nicholasville,KY,South,30600,37.8904,-84.5668
1FTSX21556EC20255,Ford,Super,2006,14,12995,142566,Pocatello,ID,West,71020,42.8716,-112.4652
1FTEW1EGXGKE66677,Ford,F-1504WD,2016,4,42995,20799,Phoenix,AZ,West,4081849,33.5722,-112.0891
1N4AL3AP0FC198374,Nissan,Altima2.5,2015,5,13490,39497,Hyattsville,MD,South,18333,38.9612,-76.9548
2D8HN44E79R626862,Dodge,Grand,2009,11,8995,88948,Garden City,ID,West,11890,43.6526,-116.2743
WMWZC3C55DWP23575,MINI,Cooper,2013,7,14900,57102,Lawndale,CA,West,33078,33.8884,-118.3531
3GTRCVE02AG207877,GMC,Sierra,2010,10,19300,107745,Mesquite,TX,South,143949,32.7623,-96.5889
WBA3B1G58FNT63170,BMW,3,2015,5,21996,37065,Murrieta,CA,West,483681,33.572,-117.1909
1FTFW1EF3EFB56033,Ford,F-1504WD,2014,6,34321,37792,Savannah,GA,South,280082,32.0281,-81.1785
1FM5K8D8XFGA92132,Ford,ExplorerXLT,2015,5,27999,34834,Kenosha,WI,Midwest,124888,42.5864,-87.8762
4T1BF1FK5HU390230,Toyota,CamrySE,2017,3,19103,18474,Charlotte,NC,South,1467362,35.2079,-80.8304
WBANW535X9CT55694,BMW,5,2009,11,11000,142186,Marietta,GA,South,61048,33.9532,-84.5422
3VW2K7AJ6EM233420,Volkswagen,Jetta,2014,6,11895,27911,Phoenix,AZ,West,4081849,33.5722,-112.0891
SALAK2V63FA760569,Land,Rover,2015,5,47933,40208,Lafayette,LA,South,265746,30.2084,-92.0323
1FT7W2BT8GEC11184,Ford,Super,2016,4,55700,21255,Lake City,FL,South,25869,30.1901,-82.6471
1FTPW14596KB53059,Ford,F-1504WD,2006,14,12495,175531,Killeen,TX,South,247489,31.0755,-97.7297
2D8HN54P38R111458,Dodge,Grand,2008,12,8990,79612,Grand Rapids,MN,Midwest,9603,47.238,-93.5327
2GNALAEK5F6205543,Chevrolet,EquinoxFWD,2015,5,16944,29562,Kenner,LA,South,67451,30.0109,-90.2549
3VWD17AJ4EM417895,Volkswagen,Jetta,2014,6,10995,36432,Philadelphia,PA,Northeast,5637884,40.0077,-75.1339
5TFUW5F10EX342088,Toyota,Tundra,2014,6,33991,20082,Dearborn,MI,Midwest,94491,42.3127,-83.2129
JTHBJ46G172100753,Lexus,ES,2007,13,11997,75666,Memphis,TN,South,1068873,35.1046,-89.9773
1GT42YE82GF106224,GMC,Sierra,2016,4,60987,12571,Atlanta,GA,South,5228750,33.7627,-84.4225
1FTNW21SX3EB81096,Ford,Super,2003,17,13995,128427,Signal Hill,CA,West,11622,33.8029,-118.1681
5TFDV54198X069467,Toyota,Tundra,2008,12,15999,129956,Saratoga Springs,NY,Northeast,67582,43.0674,-73.7775
1FTEX1C89FKE32592,Ford,F-1502WD,2015,5,27998,16097,Lynnwood,WA,West,38273,47.8285,-122.3035
1FADP3N2XGL235478,Ford,FocusHatchback,2016,4,16495,32128,Selma,AL,South,21083,32.4166,-87.0336
2HKRM4H70EH627263,Honda,CR-VEX-L,2014,6,19281,47586,Middletown,NY,Northeast,57973,41.4458,-74.4228
WMWZC5C55EWP41412,MINI,Cooper,2014,6,19000,51076,Bristol,TN,South,69865,36.5572,-82.2154
3FA6P0HR4DR312536,Ford,FusionSE,2013,7,14400,57023,Englewood,CO,West,34407,39.6468,-104.9942
1C4RJEBG3FC615810,Jeep,Grand,2015,5,32995,33873,Houston,TX,South,5446468,29.7869,-95.3905
1FTSW2BR4AEA10176,Ford,Super,2010,10,33988,92840,Boise,ID,West,385218,43.6007,-116.2312
2T3DFREVXEW189509,Toyota,RAV44X4,2014,6,23469,53066,Gresham,OR,West,111053,45.5023,-122.4413
3GCUKREC4EG453740,Chevrolet,Silverado,2014,6,29999,35626,Enid,OK,South,48325,36.4061,-97.8701
1N4AL3AP8EC126305,Nissan,Altima2.5,2014,6,17495,29366,Sioux Falls,SD,Midwest,180204,43.5397,-96.7321
2CNALPEC2B6207096,Chevrolet,EquinoxFWD,2011,9,8790,143154,Hoffman Estates,IL,Midwest,51567,42.0639,-88.1468
1FT7W2BT9FEA18119,Ford,Super,2015,5,79999,18968,Hurst,TX,South,39051,32.8353,-97.1808
WBA3C3G50ENR25229,BMW,3,2014,6,21215,44552,Corpus Christi,TX,South,341435,27.7261,-97.3755
2GNFLGE32G6132750,Chevrolet,EquinoxAWD,2016,4,26900,36311,Aurora,CO,West,366623,39.7084,-104.7274
1VWBT7A37EC121046,Volkswagen,Passat4dr,2014,6,15987,15365,Mount Prospect,IL,Midwest,53930,42.0641,-87.9375
5TBEV54138S475747,Toyota,Tundra,2008,12,16980,120639,Asheboro,NC,South,39076,35.7157,-79.8129
1FTEX1CMXEKE40132,Ford,F-1502WD,2014,6,23995,51979,Honolulu,HI,West,833671,21.3294,-157.846
JTHBF1D27F5046587,Lexus,IS,2015,5,25977,31683,Hollywood,FL,South,153627,26.0294,-80.1679
2T3BFREV9DW115083,Toyota,RAV44X4,2013,7,17480,45695,Aurora,CO,West,366623,39.7084,-104.7274
5TFFY5F10EX155663,Toyota,Tundra,2014,6,34798,45587,Americus,GA,South,17266,32.0736,-84.2249
KM8SR4HF4GU132739,Hyundai,Santa,2016,4,28980,18190,Philadelphia,PA,Northeast,5637884,40.0077,-75.1339
3VW267AJ6GM213417,Volkswagen,Jetta,2016,4,12995,33960,Billings,MT,West,120800,45.7889,-108.5509
3VWB67AJ2GM351326,Volkswagen,Jetta,2016,4,15735,10576,Princeton,NJ,Northeast,31822,40.3563,-74.6693
2C4RC1HG6ER232766,Chrysler,Town,2014,6,19998,44534,Indianapolis,IN,Midwest,1564699,39.7771,-86.1458
3GCPKTE27DG263477,Chevrolet,Silverado,2013,7,28977,84877,Dunn,NC,South,15576,35.3113,-78.6129
2GKALPEK2H6115706,GMC,TerrainFWD,2017,3,21395,43314,Fort Lauderdale,FL,South,180072,26.1412,-80.1464
19XFB2F55FE094606,Honda,Civic,2015,5,16995,14393,Clovis,NM,West,42875,34.4376,-103.1923
5TFCZ5AN3HX074252,Toyota,Tacoma4WD,2017,3,32977,6366,Palestine,TX,South,18835,31.7544,-95.6471
1D7HA18P17J578495,Dodge,Ram,2007,13,8650,123045,Alexandria,VA,South,160035,38.8185,-77.0861
1C4RJFJT5GC332833,Jeep,Grand,2016,4,43800,19009,Columbia,KY,South,5019,37.1037,-85.3073
2FMDK3J90DBB21606,Ford,EdgeSEL,2013,7,13995,100397,Collinsville,IL,Midwest,24703,38.6769,-90.0059
1FMCU0GX7FUC77150,Ford,EscapeFWD,2015,5,16150,20390,Leavenworth,KS,Midwest,46517,39.3233,-94.9244
2FMDK3JCXDBC87756,Ford,EdgeSEL,2013,7,20990,43927,Daytona Beach,FL,South,68055,29.1994,-81.0982
1GC4KYC88GF183795,Chevrolet,Silverado,2016,4,47995,22232,Fontana,CA,West,211815,34.0968,-117.4599
WMWSV3C56CTY25916,MINI,Cooper,2012,8,14736,42441,Highlands Ranch,CO,West,105264,39.5419,-104.9708
5XYZT3LB9GG374494,Hyundai,Santa,2016,4,17985,23681,Greenville,NC,South,128385,35.5956,-77.3768
3TMCZ5AN9HM097234,Toyota,Tacoma4WD,2017,3,40499,1473,Fort Collins,CO,West,303184,40.5475,-105.0651
2FMDK3JCXEBA96050,Ford,EdgeSEL,2014,6,17900,66509,Maitland,FL,South,17554,28.6295,-81.3718
1C4RJEAG7HC702730,Jeep,Grand,2017,3,25999,33287,Baldwin,GA,South,3323,34.4864,-83.5494
1C4RJFAG3EC135773,Jeep,Grand,2014,6,15000,112262,Delaware,OH,Midwest,39267,40.2866,-83.074700000000007
2HGFA16609H355334,Honda,Civic,2009,11,7472,91510,Manahawkin,NJ,Northeast,2375,39.6931,-74.2493
2GNFLFEK7F6178929,Chevrolet,EquinoxAWD,2015,5,19361,39169,Stroudsburg,PA,Northeast,5511,40.9838,-75.1972
2C4RDGEG6GR312124,Dodge,Grand,2016,4,19000,44836,Louisville,KY,South,1011696,38.1663,-85.6485
1FADP3N22GL339849,Ford,FocusHatchback,2016,4,16595,32243,Riverside,CA,West,2084749,33.9381,-117.3948
WBAKN9C59ED682167,BMW,5,2014,6,37950,21905,Carrollton,TX,South,135710,32.989,-96.8999
1C4RJFAGXEC413147,Jeep,Grand,2014,6,23995,56271,Bethlehem,PA,Northeast,75707,40.6266,-75.3679
4S4BSBDC5F3280441,Subaru,Outback2.5i,2015,5,23500,30715,Massillon,OH,Midwest,32342,40.7839,-81.5256
1N4AL3AP4FN923396,Nissan,Altima2.5,2015,5,12500,37032,Orlando,FL,South,1776841,28.4772,-81.3369
1C4RJEBM7EC336591,Jeep,Grand,2014,6,27378,51504,Montclair,CA,West,39276,34.0714,-117.6981
1G1ZE5ST3HF114864,Chevrolet,MalibuLT,2017,3,16733,34081,Victorville,CA,West,346948,34.5277,-117.3536
1GTN1LEC5GZ902334,GMC,Sierra,2016,4,17999,13430,Orlando,FL,South,1776841,28.4772,-81.3369
5TEMU52N58Z558868,Toyota,Tacoma4WD,2008,12,17991,113129,Greenville,TX,South,25000,33.1116,-96.1099
3VWD67AJ3GM362893,Volkswagen,Jetta,2016,4,16995,34497,Langhorne,PA,Northeast,1596,40.1777,-74.9212
1FMCU0D74BKA82908,Ford,EscapeFWD,2011,9,11997,76842,Las Vegas,NV,West,2073045,36.2333,-115.2654
2T1BURHE2FC471695,Toyota,CorollaLE,2015,5,13493,14587,Bradenton,FL,South,56508,27.49,-82.574
